size_sqm,num_bedrooms,distance_to_center_km,building_age_years,floor,has_elevator,has_balcony,is_furnished,neighborhood_income_index,noise_level_index,monthly_rent_eur
78.5,1,0.13,38.0,3,0,0,0,0.57,0.218,1467
66.9,2,2.74,18.0,9,1,1,1,0.644,0.095,1676
81.1,3,5.79,43.0,7,1,1,0,0.542,0.576,1658
100.6,3,1.44,36.0,7,1,1,1,0.675,0.464,2285
66.2,3,4.04,19.0,9,0,1,1,0.723,0.267,1599
62.2,2,2.96,80.0,5,1,0,0,0.462,0.282,1293
102.1,3,1.41,18.0,7,1,1,0,0.703,0.569,2385
85.7,3,0.46,46.0,8,1,1,1,0.687,0.224,2113
57.9,3,3.71,34.0,4,1,0,1,0.484,0.231,1514
83.1,4,5.78,31.0,0,0,0,0,0.815,0.353,1573
53.6,2,3.47,66.0,0,0,0,1,0.194,0.232,1179
56.2,3,0.1,57.0,1,0,0,0,0.366,0.238,1211
75.1,3,0.73,34.0,1,0,0,0,0.683,0.365,1644
35.0,1,0.22,24.0,4,1,1,0,0.884,0.413,1049
33.2,1,2.53,29.0,6,1,0,1,0.514,0.141,853
56.9,3,4.24,32.0,6,1,0,1,0.541,0.279,1082
44.4,2,0.35,58.0,14,1,1,0,0.307,0.477,1011
76.8,1,5.47,44.0,3,0,1,0,0.698,0.362,1445
50.1,3,2.43,59.0,12,0,1,1,0.549,0.296,1088
42.2,1,3.51,17.0,3,0,1,0,0.695,0.346,1056
97.9,4,10.66,61.0,13,1,1,1,0.572,0.108,1996
64.2,3,0.26,71.0,13,1,1,0,0.583,0.227,1732
68.6,4,6.94,25.0,10,1,1,0,0.483,0.151,1419
38.9,1,0.4,54.0,14,1,0,0,0.494,0.295,1063
58.7,2,1.5,68.0,9,1,1,1,0.641,0.536,1431
70.6,2,5.72,27.0,2,0,1,1,0.559,0.138,1537
42.5,1,7.1,20.0,10,1,1,0,0.366,0.264,839
72.5,1,2.12,41.0,1,0,1,0,0.332,0.167,1387
51.9,2,2.7,13.0,2,0,0,0,0.262,0.129,1026
58.6,2,3.69,61.0,7,1,1,1,0.296,0.327,1073
53.9,1,5.36,23.0,14,1,1,1,0.399,0.116,1280
106.7,3,0.39,32.0,0,0,0,1,0.645,0.338,2321
63.5,3,4.98,51.0,3,0,0,1,0.252,0.36,946
43.5,2,1.97,48.0,6,1,1,1,0.31,0.174,1234
83.0,5,1.8,51.0,4,1,1,0,0.437,0.278,1780
39.6,1,1.65,25.0,1,1,0,0,0.268,0.674,818
68.8,4,2.14,43.0,0,0,1,1,0.31,0.036,1645
26.6,2,8.7,56.0,5,1,1,0,0.384,0.224,364
37.8,1,2.38,27.0,12,1,1,0,0.288,0.598,937
75.0,2,9.18,83.0,12,1,1,0,0.741,0.347,1584
78.7,2,0.6,33.0,4,0,0,0,0.265,0.403,1477
70.2,2,3.86,12.0,2,0,0,0,0.45,0.528,1434
59.0,2,5.02,33.0,10,0,1,0,0.09,0.46,969
61.5,2,3.41,68.0,10,1,1,0,0.504,0.335,1416
41.6,2,2.8,22.0,14,1,1,0,0.745,0.39,1118
46.7,2,2.5,21.0,10,1,1,0,0.071,0.147,1246
57.8,1,5.92,45.0,8,1,1,1,0.468,0.234,1404
91.7,4,5.17,20.0,2,1,0,0,0.703,0.536,1923
76.8,2,0.39,20.0,1,0,0,1,0.659,0.546,1432
27.2,2,5.66,24.0,4,1,1,1,0.162,0.293,725
71.5,1,1.6,76.0,8,1,1,1,0.336,0.261,1425
58.8,4,0.88,47.0,7,1,1,1,0.435,0.146,1682
49.0,1,6.12,38.0,5,1,1,0,0.169,0.384,961
77.1,2,1.7,24.0,2,0,0,0,0.324,0.037,1586
87.0,1,4.96,55.0,5,1,1,1,0.425,0.153,1905
86.0,4,0.92,49.0,4,1,0,0,0.491,0.329,1798
48.6,3,0.1,79.0,0,0,1,0,0.361,0.303,864
57.6,2,2.05,22.0,4,1,1,0,0.254,0.266,1167
68.3,4,0.32,20.0,13,1,1,1,0.114,0.239,1729
87.6,3,4.21,12.0,6,0,1,0,0.537,0.067,1863
58.5,3,0.97,48.0,8,1,1,0,0.537,0.542,1547
66.8,3,1.76,42.0,11,1,1,1,0.699,0.167,1917
40.1,1,0.27,30.0,14,1,1,1,0.147,0.313,1363
41.2,1,1.01,12.0,0,1,0,0,0.345,0.575,710
85.3,5,4.56,72.0,2,0,1,1,0.604,0.425,2016
97.1,5,0.49,40.0,7,0,1,0,0.666,0.603,2283
71.3,4,3.13,65.0,5,1,0,1,0.848,0.164,1776
81.3,5,7.48,68.0,12,1,1,0,0.08,0.209,1393
77.5,1,3.42,47.0,4,0,1,0,0.683,0.481,1437
55.9,3,5.0,50.0,12,0,1,1,0.586,0.251,1269
79.5,2,0.35,26.0,9,1,1,0,0.816,0.137,2193
93.6,5,0.87,39.0,1,0,1,0,0.188,0.625,1977
63.1,2,6.75,59.0,2,0,0,1,0.255,0.192,1175
98.7,3,3.77,24.0,11,1,1,0,0.491,0.299,2110
19.8,1,3.06,57.0,1,1,0,1,0.32,0.268,451
88.3,3,3.27,56.0,0,0,0,0,0.793,0.314,1793
71.6,1,1.6,55.0,6,1,0,0,0.66,0.166,1519
61.8,3,0.14,37.0,13,1,1,1,0.521,0.035,1767
73.9,3,4.6,25.0,2,0,0,0,0.807,0.346,1555
26.7,1,3.41,83.0,6,1,1,0,0.431,0.348,414
64.5,3,1.92,69.0,11,1,1,0,0.593,0.082,1584
72.2,3,6.9,38.0,6,1,0,1,0.338,0.216,1437
97.1,3,1.23,42.0,7,1,0,0,0.503,0.083,1980
59.2,2,1.05,32.0,0,0,0,0,0.638,0.417,1309
48.7,3,6.19,13.0,4,1,1,0,0.326,0.088,1282
56.7,3,4.78,35.0,9,1,0,0,0.452,0.353,1299
87.1,3,2.17,47.0,8,1,1,0,0.583,0.382,1879
70.6,3,0.42,27.0,11,1,1,1,0.266,0.254,1869
59.1,1,0.73,31.0,10,1,1,1,0.646,0.607,1641
79.2,2,3.2,31.0,6,1,1,0,0.595,0.019,1794
68.4,2,1.46,39.0,0,0,0,0,0.432,0.419,1281
87.3,2,5.43,33.0,7,0,0,1,0.53,0.34,1759
59.3,3,8.98,23.0,2,0,1,0,0.892,0.485,1484
57.1,4,4.91,39.0,12,1,1,0,0.245,0.615,1199
59.1,2,1.42,46.0,3,0,1,1,0.464,0.282,1257
44.9,1,4.66,41.0,3,0,0,1,0.944,0.239,959
70.8,3,1.3,12.0,14,1,1,0,0.322,0.537,1598
71.1,3,0.55,50.0,9,1,1,0,0.394,0.169,1507
70.9,3,0.1,19.0,13,0,1,0,0.718,0.422,1735
64.3,3,1.46,46.0,11,1,1,0,0.602,0.326,1836
40.3,2,7.02,47.0,7,1,1,1,0.576,0.567,873
54.8,3,0.82,15.0,0,0,0,0,0.217,0.071,1016
63.8,1,0.69,56.0,7,1,1,1,0.708,0.062,1669
56.9,2,10.5,82.0,8,1,1,0,0.863,0.208,1050
63.7,2,0.1,32.0,8,1,0,0,0.463,0.278,1311
78.8,2,4.62,46.0,4,1,0,0,0.714,0.388,1401
103.6,5,1.16,29.0,3,0,1,1,0.392,0.137,2568
69.5,3,0.11,19.0,3,0,1,1,0.398,0.043,1833
68.3,1,7.5,59.0,8,1,1,0,0.208,0.703,966
67.1,2,0.45,46.0,14,1,1,0,0.572,0.203,1497
33.5,1,2.41,25.0,7,1,0,1,0.792,0.464,933
66.7,2,0.96,20.0,9,1,1,0,0.485,0.12,1471
71.8,3,0.2,85.0,14,1,1,0,0.707,0.228,1682
115.5,5,0.15,17.0,9,1,0,0,0.412,0.09,2808
66.1,4,0.37,49.0,11,1,1,0,0.661,0.649,1674
74.3,3,0.22,40.0,6,1,1,1,0.552,0.186,1868
61.2,3,4.29,53.0,11,1,1,0,0.125,0.07,1325
41.2,2,1.99,74.0,2,0,1,1,0.305,0.545,776
89.0,2,1.26,7.0,3,0,0,1,0.412,0.208,1878
82.0,3,1.63,21.0,14,1,1,1,0.463,0.585,1765
84.7,3,7.93,35.0,8,1,1,0,0.595,0.343,1831
44.5,2,7.25,77.0,13,1,1,0,0.18,0.287,693
91.1,2,3.77,30.0,12,1,1,0,0.2,0.42,1667
38.8,1,6.48,27.0,7,1,1,0,0.459,0.157,882
82.7,3,1.16,9.0,11,1,1,1,0.733,0.195,2088
112.8,5,1.44,25.0,11,1,1,1,0.596,0.301,2617
44.3,1,2.85,49.0,0,0,1,1,0.274,0.417,867
50.8,3,2.93,35.0,2,0,0,0,0.14,0.279,744
67.6,3,1.97,25.0,13,0,1,0,0.374,0.044,1465
58.0,2,1.54,85.0,11,1,1,0,0.541,0.309,1279
40.6,2,12.84,32.0,9,1,1,1,0.776,0.22,883
64.2,3,5.16,39.0,1,0,0,0,0.188,0.278,886
49.8,2,1.71,24.0,1,0,0,0,0.739,0.248,1102
75.8,4,3.9,19.0,12,1,1,0,0.421,0.244,1800
53.4,2,0.94,52.0,12,1,1,1,0.787,0.287,1658
100.4,2,0.32,14.0,7,1,1,1,0.626,0.457,2331
53.8,3,1.3,46.0,5,1,1,1,0.634,0.116,1537
64.9,3,1.55,5.0,11,1,1,1,0.758,0.213,1862
81.9,5,0.1,43.0,11,1,1,0,0.378,0.109,1832
48.1,2,5.06,20.0,11,1,1,0,0.847,0.207,1190
71.7,4,1.34,23.0,12,1,0,0,0.478,0.279,1763
96.6,4,2.61,32.0,5,1,0,0,0.695,0.117,2228
39.8,2,0.23,18.0,3,0,1,1,0.795,0.315,1339
65.4,2,0.58,12.0,0,0,0,0,0.115,0.316,895
75.9,2,6.61,33.0,10,1,1,0,0.711,0.134,1528
87.2,5,2.81,53.0,6,1,1,0,0.77,0.223,2130
45.7,1,9.0,41.0,7,0,0,0,0.694,0.044,939
37.2,2,20.0,63.0,1,0,0,1,0.24,0.137,300
74.9,2,1.39,12.0,1,0,1,0,0.299,0.194,1566
72.4,2,1.06,30.0,0,0,1,0,0.429,0.175,1524
72.8,2,5.86,37.0,3,0,1,0,0.521,0.059,1256
72.8,1,19.74,23.0,5,1,1,0,0.389,0.102,907
57.9,3,2.98,38.0,13,1,1,0,0.768,0.222,1322
65.1,2,4.76,61.0,4,1,1,0,0.027,0.5,1060
72.2,2,4.57,47.0,3,0,1,1,0.42,0.401,1485
49.4,1,1.32,65.0,13,1,1,0,0.248,0.271,1053
110.1,1,2.56,42.0,3,0,1,0,0.85,0.362,2071
78.3,2,5.37,35.0,9,1,1,1,0.591,0.525,1647
43.9,2,3.5,74.0,14,1,0,0,0.518,0.094,1024
77.3,1,0.1,39.0,6,1,1,0,0.277,0.542,1580
49.6,3,1.23,82.0,6,1,1,1,0.606,0.376,1273
79.0,2,0.47,57.0,1,0,0,1,0.215,0.457,1410
91.4,2,0.8,25.0,12,0,1,1,0.546,0.101,2266
55.7,2,7.08,33.0,6,1,1,0,0.806,0.198,1250
91.4,1,0.11,74.0,1,0,1,0,0.811,0.442,1749
72.9,3,0.74,63.0,3,0,1,0,0.313,0.255,1475
88.2,4,1.11,53.0,14,1,1,0,0.783,0.231,2058
99.5,3,2.88,50.0,0,0,0,1,0.103,0.527,1848
61.5,2,2.29,17.0,4,1,0,0,0.43,0.233,1457
49.8,1,0.74,20.0,0,0,1,0,0.324,0.311,915
43.3,2,0.54,41.0,3,1,0,1,0.071,0.525,962
53.7,4,0.81,23.0,12,0,1,1,0.665,0.56,1568
69.8,2,2.09,32.0,8,1,0,1,0.758,0.13,1499
77.7,3,0.95,31.0,12,1,0,1,0.727,0.227,2085
74.9,2,8.85,49.0,11,1,1,0,0.627,0.394,1657
85.1,3,1.87,42.0,7,1,1,1,0.573,0.597,2015
73.3,2,0.18,60.0,5,1,1,0,0.869,0.133,1981
94.8,2,3.92,43.0,14,0,1,0,0.38,0.403,1655
63.8,3,1.2,41.0,7,1,1,1,0.607,0.239,1643
119.2,3,3.18,37.0,4,1,0,1,0.321,0.521,2378
83.4,4,0.98,65.0,6,1,1,1,0.725,0.145,2051
53.5,1,2.54,37.0,7,1,1,1,0.708,0.53,1384
46.8,3,4.44,25.0,6,1,1,1,0.548,0.391,1386
79.0,2,7.89,51.0,13,1,1,0,0.622,0.213,1449
62.4,3,0.91,35.0,3,0,1,1,0.457,0.069,1727
83.0,4,1.22,57.0,4,1,1,1,0.578,0.35,1812
71.4,4,1.87,68.0,12,1,1,1,0.131,0.254,1598
67.6,2,7.86,33.0,13,1,1,0,0.603,0.05,1389
56.1,3,6.95,67.0,9,0,1,0,0.869,0.539,1021
36.0,1,0.28,57.0,5,1,1,1,0.421,0.218,985
59.5,2,0.42,27.0,13,1,0,0,0.559,0.512,1532
83.5,3,2.05,23.0,13,1,1,0,0.425,0.364,2016
69.2,2,0.34,22.0,11,1,1,0,0.328,0.545,1632
45.6,4,1.27,19.0,10,1,1,0,0.7,0.021,1562
69.6,1,0.48,64.0,5,1,1,1,0.407,0.304,1538
78.3,2,3.03,33.0,12,1,1,0,0.703,0.652,1565
50.1,3,8.96,79.0,8,1,0,1,0.52,0.141,888
65.7,2,17.17,26.0,9,1,1,0,0.172,0.299,699
65.5,3,1.41,28.0,13,1,1,0,0.29,0.094,1486
45.5,1,2.74,47.0,13,1,1,0,0.557,0.636,1068
74.7,2,5.82,77.0,1,0,0,1,0.504,0.218,1409
77.1,2,0.37,28.0,5,1,1,0,0.392,0.315,1695
89.4,5,3.51,54.0,12,1,1,1,0.513,0.261,2139
85.9,4,1.58,37.0,2,0,0,1,0.324,0.422,1947
36.5,4,0.69,48.0,13,1,1,1,0.269,0.171,1047
49.9,1,1.55,24.0,1,0,1,1,0.577,0.257,1368
70.6,2,0.24,51.0,5,1,0,0,0.017,0.265,1063
75.8,2,3.57,32.0,3,0,0,0,0.368,0.061,1340
78.4,1,0.87,29.0,4,1,1,0,0.542,0.04,1959
149.7,3,1.12,36.0,4,1,1,0,0.84,0.335,3232
78.3,3,0.39,49.0,2,0,1,1,0.457,0.046,1823
95.4,2,6.0,34.0,11,1,1,1,0.849,0.229,2299
83.4,3,2.04,29.0,3,0,0,0,0.289,0.128,1688
83.3,4,2.55,34.0,2,0,1,0,0.682,0.288,1920
60.7,3,2.53,34.0,6,1,1,1,0.468,0.415,1514
78.7,2,1.59,47.0,14,1,1,0,0.237,0.413,1737
49.4,1,0.64,30.0,0,0,0,1,0.324,0.324,991
65.6,2,4.1,30.0,14,0,1,0,0.692,0.314,1359
60.4,2,0.41,24.0,5,1,1,0,0.672,0.44,1733
72.2,3,0.33,49.0,3,0,0,1,0.707,0.321,1663
113.2,4,3.72,39.0,0,0,1,0,0.458,0.181,2013
28.3,2,0.7,64.0,0,0,1,1,0.375,0.046,970
82.8,4,1.1,60.0,4,1,1,1,0.603,0.486,2183
29.8,1,1.93,41.0,13,1,1,1,0.14,0.652,719
57.5,2,1.79,35.0,4,1,1,1,0.459,0.193,1237
88.5,2,3.7,37.0,9,1,1,0,0.451,0.206,1830
68.4,3,2.93,27.0,6,1,1,1,0.477,0.041,2003
47.6,2,3.1,24.0,12,1,1,1,0.61,0.206,1401
49.3,1,3.76,22.0,11,1,1,1,0.244,0.251,1268
86.6,2,1.04,33.0,3,0,1,1,0.869,0.137,2235
56.5,2,1.17,8.0,13,1,0,1,0.74,0.13,1737
73.2,3,1.73,76.0,8,1,1,0,0.588,0.272,1870
63.1,2,1.1,87.0,3,0,0,1,0.149,0.246,1324
58.3,2,12.59,21.0,6,1,1,1,0.754,0.141,1227
107.9,3,5.05,86.0,4,1,1,1,0.337,0.486,1973
86.6,3,0.54,21.0,14,1,1,0,0.928,0.015,2315
24.6,2,0.1,37.0,4,1,0,1,0.342,0.454,738
68.4,3,0.13,45.0,5,1,1,0,0.31,0.142,1673
54.1,2,0.84,39.0,7,1,1,0,0.488,0.241,1221
81.1,1,0.36,28.0,14,1,1,1,0.267,0.334,1843
52.4,2,2.29,27.0,4,1,1,1,0.551,0.281,1414
64.9,3,5.86,54.0,14,0,1,0,0.479,0.206,1182
77.9,2,4.0,65.0,2,1,0,1,0.519,0.185,1626
84.5,4,0.73,13.0,5,1,1,0,0.477,0.246,2106
45.5,1,1.53,42.0,13,1,1,0,0.632,0.438,1363
60.1,3,2.13,49.0,11,1,1,0,0.454,0.349,1307
62.6,2,4.99,40.0,13,1,1,1,0.808,0.118,1750
53.1,3,5.48,17.0,1,0,0,0,0.414,0.555,676
106.4,3,7.21,47.0,11,1,1,0,0.74,0.077,2197
80.6,4,2.14,61.0,11,1,1,1,0.835,0.484,2074
39.6,1,3.56,24.0,7,1,0,0,0.319,0.368,839
81.0,3,0.36,27.0,7,1,1,1,0.173,0.081,1894
114.9,5,2.5,41.0,14,1,1,1,0.834,0.456,2810
87.1,2,0.86,35.0,2,0,1,1,0.432,0.374,2054
37.5,2,1.7,27.0,11,1,1,0,0.528,0.34,896
55.1,3,3.02,19.0,7,1,1,0,0.317,0.147,1060
90.7,3,0.89,29.0,8,1,1,1,0.359,0.267,2280
58.7,2,0.16,10.0,4,1,1,0,0.86,0.16,1523
80.8,3,0.1,50.0,4,1,0,0,0.794,0.305,1912
83.7,3,0.1,25.0,5,1,1,0,0.547,0.104,2239
48.2,2,0.1,54.0,6,1,1,0,0.448,0.586,1228
68.6,3,0.35,33.0,2,0,0,1,0.65,0.283,1552
20.5,1,0.82,39.0,4,1,1,1,0.366,0.213,586
48.1,1,0.75,15.0,0,0,1,0,0.575,0.356,1023
59.1,2,12.98,52.0,10,1,1,0,0.275,0.573,787
38.7,1,1.1,111.0,9,1,0,1,0.244,0.164,790
101.2,3,0.41,30.0,4,1,0,0,0.571,0.414,2304
39.4,2,2.37,39.0,3,0,0,1,0.535,0.293,1037
58.8,3,5.85,42.0,0,0,1,0,0.507,0.242,1058
68.4,2,3.4,18.0,6,1,1,1,0.384,0.027,1769
98.2,5,1.05,20.0,14,1,1,1,0.625,0.331,2699
37.2,2,2.47,48.0,0,0,0,0,0.392,0.403,613
84.8,5,3.76,24.0,12,0,1,0,0.102,0.49,1739
67.0,3,3.91,33.0,7,1,1,0,0.455,0.41,1346
44.6,2,3.29,39.0,13,1,1,1,0.279,0.232,1134
79.4,1,6.14,49.0,9,1,1,0,0.676,0.138,1496
76.5,2,6.12,33.0,11,1,1,1,0.834,0.031,2026
61.4,1,2.59,34.0,1,0,1,0,0.895,0.421,1302
68.8,3,1.69,103.0,9,0,1,1,0.495,0.332,1596
57.1,2,3.08,58.0,12,1,1,1,0.32,0.261,1430
70.1,3,5.11,31.0,11,1,1,0,0.52,0.136,1934
81.4,3,0.1,34.0,4,1,0,0,0.542,0.059,1816
100.6,4,14.48,83.0,12,1,1,0,0.594,0.601,1529
46.3,1,0.61,49.0,5,1,0,1,0.737,0.543,1194
108.5,2,1.91,62.0,8,1,1,0,0.387,0.63,1999
30.4,1,6.17,30.0,14,1,1,0,0.627,0.584,615
61.3,2,0.76,28.0,13,1,1,1,0.287,0.262,1660
78.7,2,1.94,73.0,6,1,1,0,0.465,0.137,1580
79.8,3,0.43,35.0,5,1,1,1,0.948,0.212,2258
52.3,1,1.51,35.0,4,1,0,0,0.316,0.144,1129
66.1,2,0.58,29.0,5,1,1,0,0.682,0.165,1682
56.5,3,1.36,61.0,14,1,1,0,0.427,0.351,1424
58.6,1,1.4,64.0,13,1,1,1,0.692,0.124,1534
87.6,5,14.96,41.0,10,1,1,0,0.709,0.3,1361
71.9,5,15.78,20.0,3,1,1,1,0.318,0.088,1335
55.5,1,0.37,27.0,0,1,0,0,0.624,0.281,1262
80.7,3,3.88,67.0,14,1,1,0,0.179,0.263,1538
69.5,2,0.16,41.0,11,1,0,1,0.223,0.572,1600
84.9,4,0.1,61.0,8,1,0,0,0.576,0.098,2025
84.4,3,0.33,45.0,10,1,1,0,0.79,0.181,2103
52.4,3,10.1,21.0,4,1,0,0,0.599,0.192,960
53.7,3,8.48,47.0,7,1,1,1,0.328,0.438,1238
76.3,1,0.65,36.0,6,1,0,1,0.088,0.277,1436
81.7,4,0.53,28.0,7,1,1,0,0.631,0.36,1949
66.7,3,0.83,29.0,0,0,0,0,0.472,0.298,1507
70.0,2,2.17,60.0,8,1,1,1,0.507,0.11,1767
94.3,4,2.53,42.0,0,0,0,1,0.586,0.152,2040
58.8,3,0.75,40.0,2,0,0,0,0.708,0.39,1360
78.1,2,4.24,77.0,7,1,1,1,0.477,0.331,1606
68.8,2,1.11,25.0,11,1,1,0,0.856,0.201,1800
60.8,2,7.66,35.0,10,1,1,0,0.345,0.049,1259
84.3,2,3.21,27.0,0,0,0,0,0.158,0.123,1630
88.4,5,1.72,47.0,13,1,1,0,0.795,0.335,2255
79.3,1,4.68,41.0,0,0,1,0,0.201,0.14,1525
93.8,4,5.11,31.0,5,1,1,1,0.51,0.579,1892
72.6,2,1.03,33.0,4,1,0,0,0.814,0.742,1313
75.7,1,1.25,57.0,10,0,1,0,0.135,0.23,1144
63.7,4,8.24,64.0,5,0,1,0,0.661,0.415,1329
68.7,3,0.54,27.0,2,0,0,1,0.148,0.333,1536
65.4,2,0.13,114.0,9,1,1,1,0.535,0.427,1462
62.4,2,1.82,17.0,11,1,1,0,0.028,0.661,1183
75.5,1,4.85,21.0,9,0,1,0,0.238,0.293,1395
48.4,1,4.43,32.0,5,1,1,0,0.315,0.013,921
103.7,3,7.56,25.0,1,0,0,0,0.126,0.337,1556
49.9,2,2.29,23.0,7,1,1,0,0.669,0.517,1162
44.3,3,0.32,64.0,14,1,1,0,0.574,0.057,1187
94.9,3,2.67,48.0,11,1,1,1,0.786,0.607,2240
79.3,3,4.52,38.0,5,1,1,0,0.232,0.644,1689
79.0,3,0.29,28.0,12,0,1,0,0.437,0.44,1631
75.1,2,0.57,21.0,12,1,1,0,0.167,0.079,1668
65.1,3,0.1,21.0,3,0,0,1,0.357,0.264,1587
54.3,2,2.7,63.0,3,0,1,0,0.817,0.145,1320
71.4,3,6.53,62.0,13,1,1,0,0.662,0.345,1430
49.4,1,3.33,32.0,10,1,1,1,0.193,0.121,1248
80.5,2,12.06,17.0,6,1,1,0,0.065,0.518,1216
58.0,3,0.2,50.0,13,1,1,0,0.06,0.229,1255
54.0,2,7.0,32.0,2,0,0,0,0.703,0.212,814
58.2,3,5.05,58.0,10,0,1,1,0.305,0.196,1124
82.4,5,1.13,21.0,2,0,0,0,0.942,0.182,2087
58.0,1,10.89,38.0,5,1,1,1,0.615,0.252,1303
48.2,2,1.02,20.0,8,1,1,0,0.312,0.041,1225
67.8,2,6.6,25.0,0,0,1,0,0.198,0.358,1283
75.8,3,6.38,25.0,4,1,0,1,0.724,0.156,1711
54.9,3,4.25,32.0,0,0,0,0,0.336,0.424,817
61.2,2,2.49,66.0,0,0,1,0,0.705,0.447,1237
72.1,2,0.38,39.0,2,0,0,0,0.495,0.445,1601
39.2,2,2.28,54.0,2,0,0,1,0.543,0.35,842
42.9,1,1.32,38.0,3,0,1,0,0.734,0.316,1021
48.4,2,4.71,30.0,2,0,0,0,0.187,0.498,851
65.8,3,4.26,11.0,5,0,0,0,0.671,0.353,1499
73.0,4,7.24,21.0,11,1,1,0,0.452,0.349,1564
100.0,3,0.1,37.0,14,1,1,0,0.699,0.398,2386
87.7,2,4.97,40.0,3,0,1,0,0.705,0.592,1807
60.8,2,8.36,58.0,7,1,1,0,0.267,0.654,971
68.8,1,4.67,14.0,0,0,0,1,0.613,0.068,1609
43.5,3,0.42,94.0,7,1,1,0,0.239,0.447,1030
66.2,1,0.25,11.0,10,1,1,0,0.438,0.116,1574
62.2,3,0.1,35.0,0,0,0,1,0.528,0.281,1551
76.4,2,2.97,27.0,10,1,1,1,0.661,0.12,1876
53.7,2,2.98,21.0,0,0,1,1,0.685,0.199,1274
73.5,1,13.01,75.0,6,1,1,0,0.21,0.07,847
100.2,3,1.52,27.0,0,0,1,1,0.635,0.455,2226
65.3,2,1.21,14.0,8,1,1,1,0.496,0.38,1729
81.4,3,2.94,18.0,13,1,1,0,0.89,0.662,2146
78.9,4,5.24,62.0,14,1,0,0,0.342,0.441,1536
57.8,2,8.28,18.0,7,1,0,0,0.387,0.069,1051
78.6,2,4.88,16.0,12,0,1,1,0.94,0.51,1859
71.6,2,1.67,40.0,14,1,1,0,0.758,0.149,1723
64.7,1,3.02,32.0,0,0,0,0,0.185,0.315,1057
50.7,4,5.82,46.0,1,0,1,0,0.408,0.104,1001
69.8,2,2.02,30.0,1,0,0,1,0.622,0.593,1462
81.0,2,0.73,52.0,1,0,1,0,0.738,0.149,1894
93.8,3,0.56,17.0,5,1,1,1,0.319,0.173,2122
91.3,3,0.1,15.0,3,0,1,1,0.81,0.54,2210
105.5,3,3.8,42.0,7,1,0,0,0.165,0.206,1871
48.1,2,0.35,32.0,0,0,1,0,0.228,0.555,982
89.2,2,0.84,29.0,14,1,1,0,0.784,0.265,2228
70.9,2,1.06,50.0,9,1,0,1,0.485,0.208,1705
111.8,5,2.47,101.0,13,1,1,1,0.536,0.054,2535
55.2,1,1.52,15.0,3,0,0,1,0.755,0.445,1442
48.0,3,3.37,67.0,9,1,0,0,0.319,0.618,979
50.6,1,0.17,51.0,10,1,1,0,0.173,0.308,1095
26.9,1,0.4,28.0,4,1,0,0,0.625,0.62,879
60.5,2,2.07,78.0,8,1,0,0,0.733,0.159,1382
52.4,3,1.23,18.0,4,1,1,1,0.503,0.365,1532
70.4,2,1.05,45.0,12,1,1,0,0.493,0.198,1488
70.3,1,0.21,33.0,10,1,1,0,0.23,0.566,1247
103.3,2,6.78,28.0,2,1,1,0,0.386,0.213,1941
92.6,2,3.53,20.0,10,1,1,0,0.909,0.318,2237
54.5,2,0.39,120.0,3,0,1,0,0.404,0.454,1051
48.6,2,0.2,28.0,9,1,1,0,0.437,0.545,1315
77.2,2,11.05,8.0,6,1,1,1,0.491,0.61,1416
39.1,2,3.43,55.0,0,0,0,0,0.369,0.054,704
108.5,4,1.62,43.0,10,1,1,1,0.791,0.459,2609
94.2,3,3.63,32.0,5,1,1,0,0.706,0.28,1852
56.2,2,4.24,30.0,7,0,0,1,0.369,0.307,1367
32.8,2,4.54,35.0,0,0,0,0,0.468,0.326,704
93.9,3,1.95,55.0,7,1,0,1,0.454,0.107,2188
65.2,3,1.69,43.0,6,1,1,1,0.498,0.377,1807
90.4,2,0.1,47.0,0,0,1,0,0.378,0.164,1792
33.1,1,7.83,47.0,8,1,1,0,0.331,0.093,667
59.5,3,2.77,56.0,10,1,1,0,0.769,0.429,1394
72.9,2,0.68,64.0,2,0,0,1,0.856,0.439,1689
65.7,3,7.56,25.0,1,0,0,0,0.321,0.491,806
57.7,3,7.39,40.0,6,1,1,0,0.45,0.234,1138
82.1,2,13.58,11.0,10,1,1,0,0.641,0.587,1197
41.1,1,6.22,63.0,2,0,1,1,0.162,0.274,534
68.6,2,18.34,25.0,0,0,0,1,0.764,0.534,893
67.1,3,0.84,70.0,9,1,0,0,0.314,0.498,1250
79.7,2,5.54,25.0,12,1,1,0,0.627,0.196,1755
75.7,3,5.2,44.0,2,0,1,1,0.098,0.207,1675
46.8,2,0.79,32.0,5,1,1,1,0.619,0.309,1313
38.6,1,0.31,29.0,2,0,0,0,0.621,0.646,772
94.6,1,11.65,46.0,4,1,1,0,0.605,0.22,1673
70.6,3,1.05,65.0,8,1,0,1,0.266,0.328,1480
50.5,2,6.14,31.0,6,1,1,0,0.363,0.333,903
98.9,4,0.1,68.0,1,0,0,0,0.523,0.214,1958
68.1,2,0.1,25.0,0,0,0,1,0.383,0.573,1566
87.9,3,1.88,65.0,6,1,1,0,0.287,0.205,1598
73.0,3,0.82,39.0,3,0,0,1,0.777,0.341,1659
102.2,4,3.51,43.0,10,0,1,0,0.067,0.37,2100
107.7,3,2.5,19.0,6,1,0,1,0.837,0.446,2083
58.6,2,0.24,29.0,5,1,0,0,0.236,0.33,1205
87.3,4,0.53,36.0,6,1,0,1,0.528,0.17,2300
81.5,3,1.47,61.0,3,0,1,0,0.571,0.563,1895
91.5,2,0.62,33.0,2,0,0,0,0.274,0.01,1870
46.5,3,4.71,24.0,11,0,0,0,0.388,0.25,1053
84.0,2,1.61,41.0,4,1,1,1,0.687,0.282,1920
87.9,1,0.29,89.0,2,0,0,0,0.45,0.403,1449
38.8,1,1.99,43.0,13,0,1,0,0.929,0.195,1284
40.6,2,0.29,33.0,2,0,0,0,0.286,0.399,768
23.7,1,0.41,41.0,3,0,1,0,0.296,0.321,321
58.4,2,0.82,23.0,7,1,1,1,0.252,0.399,1509
79.5,2,5.89,72.0,1,0,0,1,0.344,0.449,1331
97.3,3,7.76,72.0,3,0,1,0,0.481,0.379,1688
75.9,3,5.25,22.0,10,1,1,0,0.961,0.465,1497
97.6,2,1.22,71.0,2,0,0,1,0.338,0.345,1576
33.6,3,0.95,42.0,6,1,0,1,0.081,0.165,929
32.0,1,2.39,51.0,1,0,1,1,0.406,0.137,782
65.5,5,3.84,37.0,0,1,1,0,0.443,0.367,1432
80.0,2,15.05,38.0,9,1,1,0,0.819,0.147,1432
66.7,3,0.42,26.0,0,1,1,0,0.488,0.04,1555
23.9,1,0.15,22.0,5,1,0,0,0.349,0.597,523
62.7,1,3.56,22.0,2,1,1,1,0.296,0.643,1268
43.0,3,5.36,62.0,6,1,0,0,0.606,0.145,1015
80.5,4,5.62,40.0,7,1,1,0,0.471,0.215,1478
76.2,2,3.4,23.0,4,1,0,1,0.589,0.168,1663
44.6,2,9.24,39.0,4,1,0,0,0.227,0.359,706
56.5,2,2.15,14.0,11,1,1,1,0.453,0.161,1437
49.9,3,7.35,23.0,1,0,0,0,0.741,0.198,985
60.9,2,10.31,65.0,7,1,1,0,0.143,0.423,1041
82.7,3,5.64,28.0,9,1,1,0,0.239,0.102,1677
46.8,2,1.11,61.0,12,1,0,0,0.433,0.304,1284
81.8,3,0.66,35.0,0,0,1,0,0.781,0.093,2088
62.2,3,2.38,51.0,9,1,1,0,0.851,0.138,1530
48.1,1,1.81,20.0,8,1,1,0,0.266,0.081,963
69.4,1,6.31,48.0,0,0,1,1,0.771,0.264,1386
52.2,2,0.32,9.0,0,0,0,0,0.86,0.3,1337
59.0,3,0.89,29.0,0,0,0,0,0.674,0.028,1424
43.6,1,4.18,67.0,6,1,1,0,0.503,0.25,975
107.2,3,0.3,37.0,3,0,1,0,0.524,0.079,2190
65.6,4,1.16,22.0,11,1,1,0,0.328,0.654,1433
51.0,2,1.47,64.0,6,1,1,0,0.333,0.451,1151
70.2,3,2.92,94.0,4,1,1,0,0.392,0.332,1637
63.6,3,0.52,32.0,11,1,1,0,0.387,0.46,1375
61.1,2,5.91,15.0,13,1,1,0,0.371,0.221,1275
75.5,4,1.78,38.0,6,1,0,1,0.214,0.42,1631
87.9,4,7.47,53.0,9,1,1,0,0.847,0.142,1929
56.2,2,1.89,33.0,13,1,1,0,0.456,0.256,1203
53.8,2,0.96,10.0,6,1,0,1,0.353,0.128,1395
56.9,3,0.46,50.0,3,0,0,1,0.161,0.753,1281
24.8,1,0.1,25.0,1,0,1,1,0.655,0.038,758
34.3,3,2.28,29.0,7,1,0,0,0.308,0.084,960
93.0,3,0.34,15.0,1,0,0,1,0.377,0.147,1913
97.7,3,1.49,8.0,8,0,1,1,0.319,0.522,2177
64.6,2,2.67,19.0,4,1,0,1,0.637,0.241,1633
79.9,1,0.97,28.0,8,1,1,0,0.555,0.163,1848
67.7,1,0.58,27.0,14,1,1,0,0.102,0.394,1364
132.8,5,4.47,74.0,8,1,1,1,0.747,0.731,2915
92.3,4,8.8,21.0,13,1,0,0,0.66,0.198,1686
64.9,3,0.32,59.0,7,1,1,0,0.499,0.424,1628
45.3,2,0.51,39.0,7,1,1,0,0.291,0.453,1001
38.9,2,9.66,79.0,3,0,0,0,0.732,0.161,569
71.6,2,0.12,35.0,13,0,1,0,0.502,0.084,1620
50.5,3,11.4,11.0,3,0,0,0,0.377,0.173,896
34.7,1,0.1,34.0,13,0,1,1,0.21,0.349,985
54.0,4,6.21,8.0,1,0,0,0,0.464,0.269,1123
50.6,3,1.1,19.0,3,0,0,0,0.812,0.219,1368
100.2,3,8.37,34.0,3,0,1,1,0.432,0.138,1932
80.0,3,1.14,34.0,5,0,1,0,0.161,0.147,1671
65.7,2,3.19,58.0,2,0,0,0,0.391,0.341,1158
95.4,2,0.25,46.0,1,0,0,0,0.389,0.227,1910
68.9,2,0.83,75.0,14,1,1,0,0.491,0.248,1500
47.3,1,4.46,58.0,7,1,1,0,0.302,0.011,857
95.7,2,2.26,54.0,1,0,0,1,0.346,0.18,2023
73.1,4,7.89,90.0,7,1,1,1,0.154,0.518,1437
47.8,2,1.68,56.0,6,1,1,1,0.57,0.494,1169
60.8,3,6.12,69.0,2,0,1,0,0.307,0.468,1229
46.1,2,1.79,14.0,5,0,1,0,0.243,0.445,896
43.2,1,11.63,31.0,5,1,0,0,0.723,0.279,653
90.1,3,9.64,45.0,9,1,1,0,0.775,0.46,1881
106.2,4,1.2,38.0,13,1,1,0,0.537,0.168,2554
44.7,3,6.51,24.0,4,1,0,1,0.847,0.49,1052
82.7,3,5.64,54.0,12,1,0,0,0.762,0.191,1772
54.3,3,0.71,61.0,7,1,0,0,0.484,0.428,1162
53.8,4,2.94,35.0,14,1,1,0,0.236,0.384,1299
54.1,3,0.23,32.0,10,1,1,0,0.394,0.247,1373
47.4,3,5.44,28.0,11,1,0,1,0.311,0.028,1085
70.5,2,0.58,56.0,4,1,1,1,0.634,0.57,1609
49.3,3,0.22,32.0,6,1,0,0,0.392,0.363,1301
67.5,3,1.53,38.0,5,1,0,0,0.138,0.272,1245
65.5,1,2.58,65.0,10,1,0,1,0.435,0.321,1561
61.9,4,5.79,43.0,14,1,0,1,0.448,0.068,1429
49.4,2,10.98,38.0,6,1,1,1,0.506,0.145,1067
58.9,2,1.74,27.0,12,1,1,0,0.692,0.489,1640
77.4,2,0.19,36.0,8,1,1,0,0.151,0.571,1527
81.4,2,4.15,25.0,2,0,0,0,0.758,0.122,1695
48.4,2,2.5,41.0,9,1,1,0,0.532,0.32,1223
71.6,3,1.78,29.0,6,1,1,1,0.642,0.286,1791
80.4,1,1.11,31.0,12,0,1,0,0.357,0.425,1636
33.3,1,2.09,37.0,9,1,0,0,0.444,0.211,842
82.1,1,1.24,80.0,2,0,1,0,0.749,0.412,1850
57.8,2,4.24,14.0,12,1,1,1,0.735,0.449,1487
79.1,3,2.36,44.0,1,0,1,0,0.51,0.268,1688
50.6,3,6.28,19.0,11,1,0,0,0.39,0.418,963
32.9,3,2.35,32.0,6,1,0,1,0.6,0.15,1078
35.1,2,0.82,27.0,3,0,0,0,0.512,0.472,700
73.2,2,5.71,26.0,0,0,1,0,0.814,0.089,1523
69.6,4,2.44,27.0,5,1,1,0,0.295,0.468,1713
46.4,2,0.7,32.0,10,0,0,1,0.301,0.469,1085
78.8,2,2.93,25.0,5,1,0,1,0.403,0.348,1707
30.5,2,1.33,25.0,5,1,0,1,0.246,0.264,743
67.2,4,5.58,27.0,1,0,0,1,0.566,0.184,1607
37.6,2,1.81,26.0,0,0,1,1,0.123,0.411,971
59.8,2,3.89,23.0,2,0,0,1,0.856,0.06,1481
70.3,3,0.3,49.0,11,1,1,0,0.626,0.182,1983
52.9,1,1.51,30.0,13,1,1,1,0.677,0.375,1410
54.1,2,12.27,33.0,1,0,0,0,0.12,0.191,408
89.6,3,4.96,32.0,5,1,1,1,0.635,0.212,2057
56.9,2,0.52,26.0,12,1,1,1,0.56,0.294,1505
85.3,1,0.98,22.0,11,1,1,0,0.575,0.277,1941
44.3,1,1.2,52.0,5,1,0,0,0.458,0.086,976
80.1,4,3.15,23.0,12,1,1,0,0.636,0.234,2056
93.1,4,4.24,24.0,4,1,0,0,0.288,0.332,1753
23.9,3,4.15,59.0,9,1,1,0,0.592,0.431,711
47.3,1,2.14,27.0,9,0,0,0,0.217,0.541,808
74.2,2,5.0,36.0,4,0,1,0,0.178,0.362,1382
69.0,4,1.72,31.0,8,1,0,1,0.868,0.031,1786
71.6,2,0.4,36.0,13,1,1,0,0.278,0.681,1413
51.4,3,2.49,73.0,4,1,0,0,0.231,0.376,878
75.5,3,9.13,25.0,12,0,1,0,0.92,0.212,1451
68.4,1,4.73,49.0,9,1,1,1,0.767,0.238,1701
89.2,4,2.59,51.0,5,1,1,0,0.387,0.346,1963
79.6,3,3.12,50.0,10,1,1,0,0.968,0.137,2080
72.1,1,8.0,71.0,3,0,1,0,0.353,0.122,1099
63.3,1,1.68,11.0,9,1,1,0,0.766,0.26,1524
59.0,1,1.21,17.0,13,1,1,0,0.581,0.685,1257
56.6,2,11.35,22.0,13,1,1,0,0.351,0.404,1082
79.0,2,5.97,28.0,14,1,1,0,0.739,0.126,1720
53.9,2,1.17,42.0,0,0,0,1,0.152,0.014,1061
74.6,2,1.87,23.0,3,0,0,1,0.59,0.117,1791
108.1,5,1.61,23.0,1,0,1,0,0.438,0.333,2258
88.5,3,0.48,38.0,9,1,1,1,0.74,0.208,2149
61.2,1,9.5,46.0,2,0,1,0,0.517,0.459,800
92.8,3,1.55,36.0,6,1,0,0,0.584,0.141,2012
61.2,2,6.25,48.0,6,1,1,0,0.624,0.254,1137
25.2,1,0.63,15.0,0,0,0,0,0.399,0.507,497
48.3,1,2.38,25.0,7,1,0,0,0.563,0.138,983
36.3,1,0.1,22.0,6,1,0,1,0.912,0.18,1131
61.2,3,4.33,27.0,0,0,1,1,0.546,0.246,1383
66.4,5,2.61,35.0,7,1,1,0,0.4,0.317,1601
104.6,3,2.95,13.0,13,1,1,0,0.736,0.263,2414
72.3,2,0.16,27.0,13,1,1,0,0.386,0.062,1839
68.8,3,0.71,25.0,1,0,1,0,0.876,0.134,1644
88.8,4,0.23,15.0,7,1,1,0,0.815,0.22,2423
21.4,1,1.02,48.0,2,0,0,1,0.374,0.207,892
70.3,4,2.96,36.0,9,1,1,0,0.37,0.488,1500
85.5,3,2.51,27.0,6,0,1,1,0.67,0.576,1754
43.2,2,2.84,77.0,12,1,1,0,0.852,0.51,879
93.7,3,2.39,16.0,5,1,1,1,0.721,0.123,2267
74.0,4,0.96,80.0,4,1,0,1,0.485,0.534,1589
59.1,3,0.84,32.0,14,1,1,1,0.495,0.3,1655
79.6,1,0.44,24.0,10,1,1,1,0.466,0.203,2005
113.3,3,5.67,28.0,9,1,1,0,0.524,0.261,2135
69.2,2,2.88,29.0,13,1,1,0,0.372,0.349,1476
79.5,2,0.62,85.0,10,1,1,1,0.967,0.545,1933
61.3,3,0.59,42.0,1,0,0,0,0.7,0.411,1594
52.7,3,6.19,20.0,1,0,0,1,0.644,0.027,1053
88.6,4,4.07,51.0,12,1,0,0,0.801,0.585,1782
45.1,4,3.23,30.0,11,0,1,0,0.151,0.048,1034
72.1,2,1.57,7.0,14,1,1,0,0.712,0.362,1694
62.6,3,0.91,51.0,0,1,1,1,0.809,0.445,1839
72.7,3,11.65,51.0,13,1,1,1,0.211,0.416,1164
78.7,2,4.79,30.0,8,0,0,0,0.799,0.088,1496
91.2,4,1.08,26.0,10,1,1,0,0.699,0.472,2309
57.3,1,5.64,54.0,7,1,1,1,0.5,0.337,1102
61.2,3,4.27,25.0,7,1,1,1,0.443,0.195,1635
44.4,2,1.06,60.0,0,0,1,0,0.263,0.151,857
52.7,2,1.67,25.0,4,1,1,1,0.105,0.34,1181
79.0,3,0.62,34.0,11,1,1,0,0.761,0.359,1886
78.6,3,0.35,44.0,5,1,1,0,0.231,0.085,1609
46.4,1,3.85,39.0,14,1,1,0,0.322,0.37,1066
91.4,1,0.93,24.0,1,0,1,1,0.935,0.448,2166
96.5,3,5.15,43.0,9,1,1,1,0.625,0.077,2313
77.0,2,16.28,50.0,14,1,0,1,0.58,0.417,1324
104.5,4,0.24,20.0,4,1,1,1,0.464,0.464,2539
56.0,4,1.92,44.0,5,1,0,0,0.765,0.199,1239
38.4,2,4.86,33.0,8,0,1,1,0.223,0.64,666
33.8,2,4.67,21.0,14,1,0,0,0.625,0.155,951
93.1,3,4.28,42.0,9,1,1,1,0.212,0.206,1996
86.8,4,1.29,53.0,0,0,1,0,0.912,0.156,2116
67.9,2,1.81,27.0,12,1,1,1,0.599,0.589,1697
69.4,2,2.71,43.0,9,1,1,1,0.257,0.234,1535
44.8,2,10.94,29.0,2,0,1,1,0.488,0.213,901
119.5,1,1.19,48.0,11,0,1,1,0.708,0.129,2413
68.5,3,7.7,58.0,8,1,0,0,0.397,0.536,1093
68.1,3,0.94,41.0,14,1,1,1,0.392,0.157,1790
85.6,3,13.55,50.0,13,0,1,0,0.74,0.173,1500
76.6,2,3.33,54.0,0,1,1,1,0.462,0.039,1588
76.3,3,1.87,26.0,0,0,0,1,0.79,0.163,1679
52.1,3,2.85,29.0,0,0,0,0,0.527,0.084,1062
80.0,2,0.95,43.0,6,1,0,1,0.702,0.255,1897
110.1,3,0.96,64.0,12,1,1,0,0.828,0.402,2642
99.2,4,0.36,18.0,4,1,1,1,0.82,0.189,2469
95.4,3,0.36,46.0,5,0,1,1,0.237,0.208,2031
59.5,2,1.28,62.0,12,1,0,0,0.647,0.108,1564
53.3,2,4.32,33.0,14,1,0,0,0.872,0.59,1329
68.7,3,2.81,36.0,13,1,0,0,0.747,0.526,1408
68.7,3,0.32,35.0,7,1,1,1,0.506,0.411,1870
93.2,5,5.74,34.0,13,1,1,1,0.755,0.392,2348
39.7,2,2.76,24.0,12,1,1,0,0.901,0.111,1258
101.1,5,9.72,33.0,1,0,0,1,0.698,0.347,1837
67.6,2,3.33,24.0,12,1,1,0,0.72,0.33,1527
60.5,3,0.58,48.0,1,1,0,0,0.6,0.36,1296
42.3,1,1.93,14.0,2,0,1,0,0.171,0.034,943
36.6,2,3.14,53.0,12,1,1,0,0.65,0.163,943
80.0,2,0.1,57.0,2,0,1,0,0.234,0.106,1571
71.5,2,0.1,39.0,12,0,0,0,0.667,0.155,1528
36.4,3,0.42,77.0,2,0,1,0,0.148,0.193,579
37.4,3,0.87,44.0,3,0,0,1,0.221,0.28,1209
60.2,1,1.68,42.0,2,0,0,0,0.461,0.351,1156
99.5,3,2.01,13.0,1,0,0,0,0.409,0.522,2076
66.4,2,0.45,59.0,8,0,1,0,0.77,0.136,1446
39.8,1,3.36,22.0,5,1,1,0,0.658,0.405,1157
60.5,3,2.72,21.0,2,0,0,0,0.36,0.272,1141
60.0,2,1.05,40.0,8,1,0,0,0.361,0.047,1376
23.2,2,0.1,24.0,14,1,1,1,0.549,0.295,1145
65.7,2,0.24,33.0,3,0,1,1,0.452,0.501,1734
65.2,3,1.49,61.0,3,0,0,0,0.653,0.486,1315
83.4,4,0.5,72.0,7,1,1,0,0.629,0.22,1838
108.6,3,1.42,27.0,6,1,1,0,0.773,0.254,2461
91.9,3,2.97,33.0,14,1,1,0,0.622,0.399,2108
62.1,3,2.38,96.0,6,1,0,1,0.5,0.364,1304
43.2,2,0.79,72.0,9,1,1,1,0.353,0.304,1106
124.2,3,1.26,55.0,6,1,0,1,0.848,0.188,2600
69.5,2,2.86,24.0,9,1,1,0,0.556,0.452,1429
69.6,1,5.92,27.0,10,1,1,1,0.622,0.181,1659
66.1,2,4.2,55.0,4,1,1,0,0.439,0.444,1405
70.2,2,2.42,12.0,14,1,1,0,0.415,0.112,1769
61.8,1,1.35,60.0,6,0,0,0,0.315,0.376,1344
56.0,3,1.36,67.0,3,1,1,1,0.501,0.107,1674
53.9,3,6.35,31.0,7,1,1,1,0.326,0.428,1197
64.8,4,0.12,73.0,8,1,1,0,0.365,0.528,1365
59.4,3,13.26,45.0,12,1,1,0,0.682,0.274,1025
48.6,3,3.28,19.0,11,0,1,1,0.193,0.368,1098
66.4,2,3.43,38.0,2,0,0,1,0.284,0.502,1275
64.6,3,0.12,25.0,6,1,1,0,0.648,0.473,1739
100.4,5,2.79,41.0,11,1,1,1,0.686,0.155,2550
26.7,1,1.99,18.0,9,1,0,0,0.779,0.223,995
83.4,1,0.34,75.0,8,1,1,1,0.102,0.563,1732
96.1,4,0.98,48.0,0,0,0,0,0.743,0.261,1886
22.9,2,6.63,29.0,1,0,0,0,0.29,0.365,300
59.8,3,2.4,41.0,6,1,1,1,0.447,0.2,1596
55.0,2,1.6,36.0,14,1,1,1,0.163,0.279,1391
32.5,2,0.23,77.0,12,1,1,0,0.042,0.585,819
56.0,5,3.76,35.0,1,0,0,0,0.771,0.219,1307
41.7,1,3.64,40.0,6,1,1,0,0.259,0.274,813
105.2,4,2.86,17.0,0,0,0,0,0.677,0.236,1980
84.2,3,2.14,40.0,14,1,1,1,0.368,0.449,1860
97.4,3,1.71,44.0,2,0,1,0,0.796,0.342,2143
80.7,3,2.7,21.0,14,1,1,1,0.42,0.189,2009
44.2,1,0.8,51.0,4,1,0,0,0.45,0.07,1048
53.9,2,8.5,11.0,13,0,1,1,0.295,0.287,1138
73.6,3,2.67,33.0,11,1,1,0,0.252,0.423,1539
46.6,1,1.12,17.0,13,1,1,0,0.738,0.254,1181
81.6,3,1.79,37.0,10,1,1,0,0.486,0.367,1823
56.6,3,4.91,30.0,5,0,0,1,0.097,0.271,1067
64.9,2,0.53,46.0,14,1,0,0,0.824,0.401,1719
84.7,3,1.04,35.0,12,1,1,0,0.698,0.463,2148
73.3,4,3.41,45.0,8,1,0,1,0.295,0.053,1613
55.2,2,1.14,38.0,8,1,1,1,0.162,0.222,1289
87.4,3,4.72,61.0,2,0,0,1,0.278,0.227,1476
46.0,2,0.42,57.0,13,1,0,0,0.511,0.258,1076
84.0,4,4.32,25.0,7,1,0,0,0.777,0.139,1830
78.3,4,0.21,59.0,12,1,1,1,0.429,0.33,2292
68.3,4,0.1,44.0,3,0,1,0,0.969,0.17,1673
72.2,3,6.85,64.0,6,1,1,0,0.381,0.285,1361
42.2,1,2.61,21.0,5,1,1,0,0.48,0.25,932
81.7,1,1.3,18.0,7,0,1,1,0.212,0.116,1780
63.3,2,0.79,19.0,5,1,0,0,0.467,0.207,1381
60.4,1,2.88,73.0,3,0,1,1,0.726,0.4,1450
94.3,4,2.13,64.0,1,0,1,0,0.888,0.179,2160
56.6,3,14.34,57.0,6,1,0,1,0.716,0.343,1054
33.4,1,12.26,17.0,10,1,1,1,0.102,0.278,401
32.4,2,3.02,57.0,14,1,1,0,0.233,0.052,910
73.8,2,1.75,18.0,12,1,1,0,0.114,0.062,1538
38.3,1,2.03,7.0,10,1,1,1,0.258,0.114,936
99.2,4,3.44,29.0,3,0,1,0,0.276,0.102,1973
23.8,1,0.32,34.0,12,1,0,1,0.36,0.735,698
103.1,3,1.19,68.0,8,1,1,1,0.609,0.385,2207
67.1,1,0.23,21.0,8,1,0,0,0.189,0.232,1460
68.0,2,0.23,100.0,6,1,1,0,0.663,0.238,1446
59.2,3,0.65,40.0,4,1,1,0,0.671,0.204,1433
74.0,4,1.99,35.0,2,0,0,1,0.399,0.419,1618
71.3,2,4.61,35.0,2,0,1,0,0.803,0.188,1626
93.3,3,1.99,18.0,8,1,1,1,0.747,0.244,2187
66.5,3,1.23,31.0,8,1,1,1,0.282,0.397,1753
73.0,4,0.26,42.0,11,1,1,0,0.664,0.221,1617
58.9,2,2.4,58.0,12,1,1,0,0.414,0.077,1380
69.2,2,0.95,30.0,10,1,1,0,0.69,0.551,1508
76.1,3,2.86,40.0,3,0,1,1,0.665,0.305,1700
35.3,2,11.34,53.0,10,1,1,0,0.636,0.388,791
35.6,1,0.35,30.0,0,0,1,0,0.172,0.383,591
79.9,3,0.72,59.0,12,1,1,1,0.336,0.427,1873
68.3,2,1.92,48.0,9,1,0,0,0.326,0.124,1259
58.1,2,10.38,55.0,4,1,0,0,0.116,0.093,840
63.3,2,4.43,13.0,13,1,1,0,0.193,0.555,1297
70.8,3,6.86,32.0,7,1,0,1,0.256,0.322,1456
55.0,2,1.22,26.0,9,1,0,0,0.388,0.006,1404
54.3,2,14.5,11.0,14,1,1,0,0.659,0.324,884
68.7,2,0.33,82.0,14,1,1,1,0.321,0.107,1795
47.2,3,0.16,57.0,3,0,1,0,0.45,0.174,1318
73.3,2,5.81,15.0,9,0,0,1,0.341,0.283,1465
32.7,1,7.86,70.0,9,1,1,0,0.453,0.184,422
87.2,2,0.28,36.0,3,0,0,0,0.442,0.552,1524
81.0,4,0.36,46.0,12,1,1,0,0.769,0.085,2135
70.8,2,0.1,26.0,11,0,1,0,0.382,0.373,1419
90.8,3,0.33,59.0,13,1,1,0,0.744,0.27,1980
100.5,3,0.7,35.0,8,1,1,0,0.479,0.107,2357
87.1,4,10.53,47.0,14,1,0,0,0.455,0.446,1440
36.3,2,3.31,62.0,8,1,1,0,0.877,0.313,1296
46.8,2,4.52,50.0,6,1,1,0,0.827,0.074,1108
49.0,3,4.49,30.0,9,1,1,0,0.098,0.375,922
68.5,4,2.3,35.0,7,1,1,0,0.533,0.183,1705
73.6,2,4.79,56.0,11,1,1,1,0.217,0.537,1511
53.8,4,2.72,5.0,11,0,1,0,0.551,0.408,1332
68.8,1,1.13,32.0,3,0,0,0,0.338,0.302,1256
52.9,2,2.47,37.0,7,1,1,1,0.535,0.269,1794
61.7,3,2.29,43.0,13,1,1,0,0.931,0.543,1792
41.6,1,5.2,27.0,5,1,1,0,0.652,0.221,1061
46.9,1,12.01,35.0,12,1,1,0,0.355,0.036,571
38.8,1,1.59,40.0,2,0,1,1,0.39,0.3,952
51.6,3,4.32,40.0,6,1,0,0,0.743,0.357,1242
91.1,3,0.32,39.0,2,0,1,1,0.666,0.172,2280
53.2,3,4.5,30.0,10,1,0,1,0.81,0.208,1582
121.6,5,1.39,41.0,6,0,1,0,0.598,0.271,2539
78.2,3,0.12,68.0,4,1,1,1,0.553,0.042,1975
75.2,2,1.35,35.0,3,0,1,0,0.765,0.482,1562
56.8,4,2.83,41.0,2,0,0,0,0.934,0.27,1518
81.7,3,0.38,35.0,7,1,1,0,0.513,0.621,1915
53.8,1,7.73,66.0,3,0,0,1,0.353,0.469,729
67.8,1,0.24,32.0,7,1,1,0,0.355,0.254,1529
120.4,4,7.98,23.0,9,1,1,0,0.61,0.139,2449
64.3,1,3.68,51.0,2,0,1,1,0.415,0.343,1209
90.0,2,1.2,31.0,9,1,1,1,0.467,0.458,2191
58.2,2,1.49,50.0,12,1,1,1,0.816,0.106,1693
63.9,2,4.05,29.0,8,1,0,0,0.307,0.101,1190
102.6,3,2.76,20.0,5,1,1,0,0.476,0.497,2034
59.3,3,3.34,36.0,14,1,0,0,0.789,0.35,1510
105.2,4,1.48,16.0,4,1,0,1,0.596,0.307,2461
82.5,3,2.01,42.0,4,1,1,0,0.557,0.23,1764
59.0,2,13.78,54.0,12,1,1,1,0.684,0.463,1013
80.1,5,0.72,85.0,2,0,1,0,0.498,0.157,1771
85.6,1,1.62,28.0,1,0,0,1,0.411,0.153,1767
73.9,3,1.04,25.0,5,1,1,1,0.099,0.126,1783
38.9,1,4.35,54.0,10,1,0,1,0.69,0.15,783
47.9,3,4.33,52.0,0,0,0,0,0.161,0.226,768
65.1,2,1.04,54.0,14,1,1,0,0.668,0.795,1335
59.9,2,0.25,86.0,14,1,1,0,0.095,0.315,1392
77.3,3,0.1,37.0,13,1,1,0,0.329,0.369,1893
72.9,2,1.67,95.0,6,1,1,0,0.623,0.142,1726
40.2,1,1.58,31.0,14,1,1,1,0.463,0.362,867
73.6,2,13.37,26.0,4,1,1,0,0.399,0.238,1115
86.0,4,1.9,24.0,3,0,0,1,0.917,0.204,2104
82.5,1,0.89,24.0,8,1,0,0,0.754,0.505,1842
83.3,1,6.66,88.0,9,1,0,0,0.109,0.42,1299
89.3,3,2.03,64.0,0,0,0,0,0.845,0.185,2004
79.0,1,2.74,84.0,10,1,1,1,0.652,0.345,1487
63.8,3,0.3,12.0,14,1,1,0,0.349,0.556,1445
36.9,1,1.45,18.0,3,0,0,1,0.677,0.621,940
75.2,2,8.66,31.0,2,0,1,0,0.442,0.333,1365
75.0,2,2.67,29.0,5,1,0,1,0.725,0.466,1834
69.0,2,1.27,41.0,4,1,1,0,0.241,0.388,1486
39.5,1,2.95,37.0,6,1,1,0,0.336,0.284,779
41.5,1,7.24,21.0,12,1,1,1,0.21,0.18,843
86.1,2,0.96,27.0,0,0,1,1,0.339,0.361,1796
63.9,4,2.11,32.0,12,1,1,0,0.315,0.262,1398
82.5,2,9.56,19.0,4,1,1,1,0.594,0.371,1559
64.8,3,0.57,34.0,13,1,1,0,0.281,0.175,1417
67.6,1,3.82,20.0,1,0,0,1,0.465,0.366,1382
89.6,2,2.86,34.0,1,1,0,0,0.721,0.156,1888
59.3,2,3.42,22.0,10,1,0,0,0.639,0.123,1235
68.8,2,1.3,57.0,14,1,1,0,0.459,0.541,1293
51.3,4,1.13,45.0,10,1,0,1,0.037,0.334,1172
58.6,4,3.46,44.0,1,0,1,1,0.485,0.116,1631
60.4,3,0.73,52.0,8,1,1,0,0.44,0.283,1446
67.7,3,1.63,46.0,9,1,1,1,0.218,0.32,1706
58.3,2,0.63,57.0,2,0,1,0,0.526,0.373,1278
96.2,3,0.1,39.0,3,1,0,1,0.742,0.463,2242
46.2,3,10.53,51.0,14,1,1,0,0.271,0.307,578
66.0,3,1.7,44.0,4,1,1,0,0.647,0.163,1559
57.6,2,10.46,44.0,13,1,1,0,0.425,0.113,959
96.6,2,0.45,16.0,3,0,1,0,0.512,0.292,2229
74.5,1,2.66,21.0,3,1,1,0,0.706,0.391,1664
81.1,5,0.67,41.0,4,1,1,1,0.029,0.212,2072
33.8,1,4.68,24.0,9,1,1,0,0.231,0.176,839
66.7,2,4.59,35.0,14,1,1,1,0.091,0.178,1346
81.0,2,0.36,28.0,8,1,1,1,0.211,0.185,1905
70.1,3,7.29,28.0,11,1,1,0,0.563,0.287,1668
96.0,1,0.65,37.0,8,1,1,0,0.981,0.244,2309
56.7,3,2.85,32.0,13,1,1,1,0.468,0.1,1615
100.1,2,12.73,69.0,13,1,1,1,0.792,0.507,1974
114.3,5,6.42,17.0,5,0,0,1,0.553,0.457,2379
60.0,3,9.41,48.0,10,1,1,1,0.486,0.203,1358
64.1,2,1.26,53.0,11,1,0,0,0.868,0.271,1563
100.7,3,0.33,71.0,13,1,1,1,0.774,0.124,2445
94.9,3,0.63,38.0,2,0,0,0,0.224,0.213,1689
62.1,2,2.08,50.0,5,1,1,0,0.835,0.018,1347
51.8,3,4.73,68.0,9,0,0,1,0.013,0.213,874
60.6,2,0.49,26.0,3,0,0,1,0.418,0.362,1431
40.2,1,3.23,23.0,2,0,0,1,0.474,0.229,932
48.2,1,1.17,39.0,5,1,1,0,0.436,0.238,1201
47.2,1,1.25,32.0,14,0,1,1,0.488,0.439,1198
49.3,3,3.25,51.0,10,1,1,1,0.307,0.324,1570
66.1,2,1.89,17.0,5,1,1,1,0.45,0.156,1926
75.9,4,5.01,66.0,1,0,1,0,0.75,0.392,1378
100.6,5,0.51,41.0,8,1,1,1,0.638,0.233,2614
53.6,1,4.68,32.0,7,1,0,0,0.904,0.602,1236
87.9,2,0.2,37.0,5,1,1,1,0.545,0.255,1868
63.0,3,0.65,59.0,0,0,1,1,0.482,0.118,1579
73.4,2,3.2,47.0,11,1,0,1,0.958,0.176,1894
84.6,1,5.79,36.0,1,0,1,0,0.741,0.229,1624
47.0,1,0.87,33.0,14,1,1,0,0.632,0.477,1249
69.5,2,1.19,34.0,3,0,0,0,0.126,0.201,1271
76.1,3,2.31,50.0,6,1,0,0,0.853,0.105,1843
80.6,2,0.71,32.0,8,1,1,1,0.716,0.137,2274
70.4,1,5.0,48.0,9,1,1,0,0.311,0.07,1450
117.6,5,4.46,23.0,4,0,1,0,0.569,0.33,2566
50.9,3,0.47,25.0,9,1,0,1,0.243,0.221,1198
61.5,2,1.87,36.0,1,0,1,0,0.81,0.387,1656
59.5,3,4.47,33.0,14,1,1,1,0.795,0.415,1649
61.8,2,1.23,26.0,12,1,1,0,0.86,0.251,1598
53.3,3,3.01,20.0,10,1,0,0,0.4,0.474,1194
95.4,3,0.15,24.0,10,1,1,1,0.773,0.057,2425
90.7,2,2.81,74.0,10,1,1,0,0.155,0.385,1703
55.6,3,0.5,26.0,0,0,0,0,0.47,0.487,1207
49.8,1,5.33,10.0,9,1,1,0,0.427,0.263,974
74.7,5,1.32,37.0,13,1,1,0,0.351,0.188,1834
52.8,2,0.99,26.0,12,1,1,1,0.256,0.549,1258
80.6,5,5.51,31.0,13,1,1,1,0.529,0.144,1911
68.0,4,0.15,55.0,0,0,1,0,0.264,0.287,1335
35.7,1,1.52,32.0,4,1,1,1,0.4,0.174,997
101.0,4,1.39,30.0,13,1,1,1,0.669,0.163,2465
103.0,3,1.01,26.0,6,0,0,1,0.47,0.104,2314
54.5,4,7.28,32.0,8,1,0,0,0.448,0.519,1152
56.7,2,4.17,44.0,8,1,1,1,0.299,0.141,1408
75.1,3,0.2,13.0,7,1,1,0,0.624,0.194,2010
76.5,2,3.76,18.0,0,1,0,1,0.653,0.371,1814
78.3,2,2.25,44.0,4,1,0,1,0.34,0.267,1552
106.6,2,6.93,37.0,5,1,1,0,0.427,0.182,1967
64.3,2,1.13,27.0,5,0,1,0,0.524,0.173,1672
47.6,2,2.56,45.0,3,0,1,0,0.239,0.275,854
40.8,2,2.08,30.0,0,0,1,0,0.557,0.181,1200
49.2,2,2.02,55.0,2,0,0,0,0.254,0.391,778
63.7,2,1.83,27.0,9,1,1,1,0.291,0.379,1290
96.2,3,0.69,23.0,14,1,1,0,0.022,0.297,1979
53.7,1,4.23,106.0,14,1,1,0,0.267,0.353,1022
66.3,3,1.8,50.0,3,0,0,0,0.119,0.194,1395
64.4,5,9.55,24.0,3,0,0,0,0.316,0.268,890
88.9,3,0.91,30.0,12,1,1,0,0.345,0.182,2096
112.5,1,3.44,27.0,3,0,0,1,0.133,0.526,2104
55.5,2,8.48,15.0,13,0,1,0,0.405,0.125,1188
63.2,3,3.27,31.0,4,1,0,1,0.866,0.251,1321
94.7,3,6.15,39.0,12,0,1,0,0.921,0.286,2201
75.4,3,5.27,67.0,14,1,1,1,0.115,0.262,1607
106.0,3,1.34,34.0,14,1,1,0,0.607,0.487,2387
80.6,4,2.75,28.0,10,1,0,1,0.592,0.217,2081
62.4,3,0.51,71.0,8,1,0,1,0.64,0.281,1340
77.4,2,2.3,64.0,3,0,0,1,0.369,0.347,1638
92.2,3,0.79,39.0,8,1,0,1,0.67,0.294,2465
86.7,2,4.08,37.0,8,1,1,1,0.684,0.311,1840
83.9,3,2.25,43.0,0,0,1,1,0.916,0.167,2058
90.1,4,1.59,26.0,4,1,0,1,0.582,0.104,2171
85.0,3,0.94,36.0,8,1,0,1,0.106,0.197,1885
93.9,4,19.93,26.0,3,0,0,1,0.42,0.387,1349
80.9,3,0.22,65.0,4,1,0,0,0.528,0.289,1640
62.3,2,0.13,23.0,3,0,0,0,0.373,0.256,1287
73.0,2,0.73,40.0,12,1,1,1,0.673,0.224,2129
87.4,3,10.63,41.0,1,0,1,0,0.217,0.601,1336
57.3,2,11.62,68.0,9,1,1,1,0.91,0.571,1201
74.2,1,3.19,28.0,1,1,0,0,0.452,0.257,1329
55.2,2,6.36,25.0,1,0,0,0,0.203,0.083,1018
64.5,1,0.72,48.0,12,1,1,1,0.259,0.756,1401
98.5,2,10.73,45.0,0,0,0,0,0.862,0.82,1288
67.8,2,0.46,85.0,2,0,0,0,0.264,0.485,1200
69.9,2,0.32,39.0,14,1,1,0,0.596,0.235,1793
45.7,3,0.36,64.0,13,1,1,0,0.858,0.569,1268
78.6,2,2.55,61.0,10,0,1,1,0.245,0.444,1332
85.3,4,4.56,25.0,9,1,1,0,0.824,0.274,1868
113.9,4,1.37,16.0,0,0,1,1,0.709,0.315,2621
55.6,3,11.44,31.0,3,0,1,0,0.116,0.116,723
73.8,2,1.71,54.0,0,0,0,1,0.627,0.465,1613
77.3,4,0.49,68.0,3,0,1,0,0.823,0.431,1865
92.9,3,1.88,4.0,2,1,0,0,0.093,0.247,1765
64.8,3,3.41,23.0,8,1,1,0,0.447,0.097,1346
72.9,2,5.36,43.0,0,0,0,0,0.485,0.167,1445
77.5,1,1.84,49.0,13,0,1,0,0.354,0.135,1619
69.5,3,2.7,21.0,7,1,1,1,0.386,0.393,1772
54.2,1,0.93,26.0,10,1,1,0,0.208,0.26,1244
72.2,2,3.11,14.0,8,1,0,0,0.555,0.449,1631
81.7,2,12.8,75.0,11,1,1,0,0.016,0.075,1089
46.9,2,0.15,40.0,6,1,1,1,0.496,0.408,1434
69.5,4,6.53,26.0,0,0,0,0,0.455,0.307,1339
52.3,2,2.48,62.0,3,0,0,0,0.423,0.395,1000
93.9,4,0.87,40.0,9,1,1,0,0.665,0.151,2092
37.3,2,9.3,68.0,0,0,0,1,0.516,0.251,587
56.6,2,1.98,72.0,3,0,1,1,0.521,0.215,1373
73.6,4,1.21,21.0,14,0,1,0,0.407,0.465,1888
96.3,4,0.6,64.0,2,0,0,0,0.334,0.08,1921
65.4,3,0.84,63.0,1,0,0,0,0.445,0.109,1458
52.5,2,5.37,46.0,0,0,0,1,0.24,0.12,783
111.2,4,2.86,47.0,5,1,1,0,0.906,0.11,2452
39.2,1,7.33,39.0,11,1,1,1,0.547,0.12,1017
27.0,1,0.79,19.0,6,1,1,0,0.731,0.249,970
78.9,2,0.39,18.0,5,1,0,0,0.674,0.329,1691
54.1,3,0.1,77.0,8,1,0,0,0.277,0.092,1294
44.8,3,2.13,40.0,11,1,1,1,0.345,0.242,1244
81.3,3,19.14,32.0,8,0,0,1,0.479,0.303,1082
67.8,1,3.56,49.0,1,0,0,1,0.194,0.403,1173
53.9,3,1.11,25.0,14,1,1,0,0.348,0.051,1566
43.9,1,6.28,29.0,14,1,1,0,0.636,0.345,1097
87.2,3,4.57,37.0,1,0,1,0,0.653,0.304,1995
74.8,1,0.1,27.0,8,1,1,0,0.118,0.239,1623
64.2,2,5.09,46.0,0,0,0,0,0.409,0.171,1319
106.5,5,1.07,34.0,4,1,0,0,0.64,0.108,2420
47.2,1,0.49,46.0,0,0,1,0,0.572,0.072,1086
34.7,1,0.77,48.0,6,1,1,0,0.35,0.388,768
54.5,2,1.9,62.0,8,0,0,1,0.554,0.087,1255
63.4,4,1.66,31.0,5,1,1,0,0.286,0.117,1493
68.0,3,1.02,21.0,13,1,1,1,0.211,0.322,1624
67.6,2,0.57,102.0,1,0,0,0,0.827,0.027,1350
77.4,1,4.31,68.0,5,0,1,1,0.689,0.269,1705
46.3,2,13.85,13.0,8,1,1,0,0.758,0.195,779
94.6,3,4.51,109.0,2,0,0,0,0.382,0.305,1352
64.9,3,1.05,26.0,8,1,1,1,0.437,0.15,1528
86.0,1,0.84,34.0,7,1,1,0,0.246,0.228,1513
73.6,1,0.74,19.0,14,0,1,1,0.447,0.328,1569
75.6,3,0.44,39.0,12,0,1,1,0.433,0.514,1652
80.5,2,2.4,27.0,11,1,0,0,0.608,0.181,1624
74.0,3,2.79,20.0,6,1,1,1,0.334,0.173,1824
76.7,1,3.67,17.0,7,1,0,1,0.256,0.109,1443
92.6,2,3.42,24.0,9,1,1,0,0.404,0.231,1813
71.2,5,1.04,51.0,5,1,1,1,0.484,0.431,1631
84.6,3,1.2,47.0,2,0,0,1,0.694,0.363,1817
62.8,3,3.43,22.0,6,1,1,0,0.305,0.344,1449
92.0,2,1.29,30.0,3,0,0,0,0.215,0.409,1660
52.6,3,0.72,57.0,10,1,1,0,0.41,0.179,1323
109.8,4,1.41,31.0,9,1,0,1,0.92,0.018,2698
63.9,2,0.95,68.0,13,1,1,1,0.315,0.164,1410
39.3,2,0.28,96.0,4,1,0,1,0.53,0.39,939
67.2,3,5.32,24.0,7,1,1,0,0.311,0.13,1439
54.0,2,5.75,26.0,14,1,1,0,0.51,0.407,1280
88.4,3,0.74,73.0,6,1,1,1,0.775,0.251,2229
59.4,2,0.2,31.0,6,1,1,0,0.829,0.288,1689
63.8,2,4.03,59.0,7,1,1,1,0.851,0.402,1465
33.0,1,0.71,40.0,9,1,1,1,0.72,0.201,977
57.5,2,1.5,33.0,2,1,0,0,0.435,0.571,949
20.8,1,0.2,50.0,2,0,0,0,0.385,0.253,528
33.6,2,0.77,74.0,1,0,1,0,0.352,0.559,487
84.3,3,4.72,63.0,14,1,1,1,0.605,0.296,2062
80.6,5,4.89,35.0,0,0,1,1,0.325,0.174,1726
80.0,2,0.7,41.0,9,1,1,1,0.766,0.374,2237
43.7,1,1.23,59.0,5,1,0,0,0.202,0.302,741
60.5,3,0.43,42.0,5,0,1,0,0.096,0.095,1234
71.0,2,0.23,79.0,12,1,0,1,0.738,0.496,1705
49.4,2,14.55,9.0,9,1,0,0,0.838,0.343,731
97.9,2,3.2,25.0,11,1,0,1,0.519,0.525,2121
86.2,3,2.34,48.0,7,1,1,0,0.576,0.296,1773
67.6,2,4.35,29.0,13,1,1,0,0.798,0.15,1641
69.1,5,5.5,75.0,5,1,0,0,0.573,0.305,1307
71.9,2,4.93,26.0,5,1,0,0,0.518,0.303,1372
22.3,2,0.1,39.0,0,0,1,1,0.21,0.177,554
62.8,3,0.62,24.0,11,1,1,0,0.516,0.196,1714
50.2,2,3.19,35.0,6,1,1,1,0.254,0.242,1176
52.5,2,1.41,13.0,6,1,1,0,0.836,0.524,1512
58.1,3,12.13,17.0,9,0,0,0,0.25,0.051,724
99.1,4,3.28,94.0,8,1,0,0,0.212,0.216,1827
78.0,2,9.41,37.0,13,1,1,0,0.343,0.526,1441
53.1,2,0.67,30.0,14,1,1,0,0.304,0.094,1181
82.1,3,5.98,19.0,11,1,1,1,0.707,0.795,1752
