size,bedrooms,distance_to_city,house_age,income_neighborhood,house_price
134.90142459033697,2,15.597194863425846,37,53776.21805009197,231579.44691106994
115.85207096486447,2,8.937568861179342,4,64780.89996627456,196615.201651982
139.43065614302077,3,9.005783043264334,24,57495.31961008089,254917.37431594226
165.69089569224076,3,15.014063730188939,19,59803.76514189525,281997.6441069296
112.97539875829992,5,5.536765769597745,36,68284.54515695106,213482.0452672963
112.97589129152459,5,3.0990081494964983,39,50732.868975078185,210798.53780027237
167.37638446522175,1,7.737820995174754,10,72879.82473801938,293046.87995705736
143.02304187458725,1,6.457540841427553,25,55771.880389144564,217607.98958165152
105.91576842195144,5,6.629854288663812,18,62606.62833150407,198357.7543465781
136.27680130757895,5,5.438547269948289,19,45994.92039725057,249519.8621552667
106.09746921562613,4,1.7997706030908758,36,67198.3729087139,201754.46253652973
106.0281073928923,3,1.3396047599348624,10,74465.03935946578,234602.192837994
127.25886814698103,1,19.766725404984598,33,54853.58450781853,170874.33792182335
62.601592660266064,3,9.127689540981384,5,48897.766134904,143222.26187610315
68.25246502460902,3,8.302206296033951,47,62779.83064742709,128677.65793551604
103.13137412277082,5,13.913298371168327,49,74548.10644991742,164035.1734707102
89.61506638996728,4,5.146823869436219,35,45501.43434519094,189974.3285293268
129.42741997785822,2,19.049262495054283,44,48936.91818771658,193536.11083250222
92.75927773436368,4,15.94055527389549,34,55458.104416884846,161553.1255439337
77.63088895994125,4,2.698809043932931,33,51796.561754693044,176022.6806160994
163.96946306764661,3,8.934034739913638,21,51828.14533391005,258493.81478370645
113.22671098540393,4,17.70324784368113,17,39058.79372336223,186372.5438988883
122.02584614063771,1,18.949908423536794,22,65890.56947405868,145373.27429877798
77.2575544135963,3,9.880628713747525,48,63387.20502869636,128102.60882040941
103.66851826424451,1,12.654816395003447,37,43011.50800196355,110534.14622704647
123.32767769129599,2,4.173644975749429,15,74571.95759956246,189776.6093098101
85.47019267733091,3,19.832203896602554,35,76810.92314930487,115068.81584217862
131.27094055037017,2,5.401762326285424,28,52490.94450219886,210981.42486037905
101.98083930243585,3,18.911903708567387,7,71665.48590977005,162037.8402884121
111.2491875062017,5,13.343286330855001,32,54270.02195009054,193575.55287944424
101.9488016331181,4,12.546999102698324,11,61811.16510211061,186567.13739599634
175.56834553526812,5,10.741081709313663,10,51642.37864979091,323465.659887075
119.59508325786199,2,5.382726422637415,9,82142.51523462276,207693.31802912636
88.26867213132299,4,4.3540326081046565,14,57039.82772670102,183656.01691244336
144.67634736309566,3,5.1892379723333315,13,61264.49022823462,290173.6806057302
83.37469050086933,4,4.542326980740835,25,53120.62612536173,174308.7999581182
126.26590785014267,1,15.812104997768312,2,78613.15597236395,185239.6528866377
61.20989628360673,4,7.652379924167872,35,78866.1464608941,130894.57328545969
80.15441853304708,1,2.099010854704531,7,76309.29181262941,154838.23695652935
125.90583707607371,4,19.412949972675417,21,69564.40348347621,182884.90018536744
142.1539973998623,1,17.791931814305087,18,53752.104530659475,176269.81436634975
125.14104843569912,2,18.627293380709048,3,68278.50095962419,171888.91580438384
116.53055152835279,5,19.90324863028227,42,59929.57201075264,197537.4223381734
110.96688913232134,3,4.304009735170259,39,73124.08621742632,188752.60802034562
75.64434028897718,4,8.528598359150516,41,71159.02053365362,141398.12537265403
98.40467374815874,5,15.406531038377734,49,53507.34421924075,176252.87763168692
106.18083687120638,3,14.224391743022052,11,69478.25802837216,172478.08246436104
151.71366678656747,3,3.924022220457246,39,66820.34450043927,275647.69426539645
130.30854868705384,1,16.500829374821738,24,32264.371370865516,146370.91119458477
67.10879533911799,2,5.264370864896552,46,68009.36639629462,116020.68346277888
129.72251908184384,2,5.252534681629839,19,55682.04211359794,226472.3007212062
108.4475315875105,5,11.202514034974858,4,51139.57545668326,212640.48728397288
99.69233999082124,2,12.26585876199236,26,51567.39395706257,121839.29913918333
138.35028866522603,4,12.021637948918412,38,58647.57104367969,252387.5291840679
150.92998567487854,2,2.7382499105573426,42,64800.59580086683,236566.8294613041
147.93840357348597,5,17.671756389977226,32,46345.3797780782,244227.6166733544
94.82347430332084,2,6.046400809185415,39,61898.478362124646,160945.14251658408
110.72362872446357,4,3.4607835043732793,45,65767.58066193073,229854.04111598217
129.93790294210692,1,17.886213517510566,46,78618.05783669632,209859.79623178247
149.26635381367078,5,19.157378466365316,36,49233.0983077487,207543.41546132835
105.6247728646413,1,17.38042472804356,40,56503.878132221966,118967.99530060346
114.43023070008549,1,16.380805419772685,37,62616.62972696479,154046.44264028769
86.80995077981916,1,13.449597632141412,33,71474.09330191606,98406.47625244026
84.11380127757988,3,11.466290041573647,36,56957.76118828186,155111.2600695923
144.37577467182595,3,2.6527484383167925,3,71986.41371991052,291171.5105079209
160.68720085712468,1,8.760611048343275,9,40626.3768352354,265500.5873440815
117.83969635258998,5,8.081081823233966,8,47466.51806878114,237994.5858835851
150.10598693676073,4,5.935321891446198,33,63486.44344334221,294595.8346345324
130.84908075142903,4,14.744982160083113,6,45891.75501912125,200515.34051542904
100.64640736184627,2,10.421638966496646,41,48255.29473233283,155335.58752336382
130.8418681652524,5,2.5398781022453107,39,54722.23135754061,239839.33370229232
166.1410969939791,3,5.183480837046416,4,67714.38991915825,316230.96862304857
118.92521882670145,1,13.981916509532322,13,41040.35158692711,137379.2905800193
166.9393096744202,2,2.4464863303157034,49,61702.98362162394,274178.12657098594
41.40764687730767,4,17.172931366926605,2,70329.63947152806,93330.41390373348
144.6570751312567,3,10.407784013265513,5,58050.54791571041,230117.47274918403
122.61141204714514,3,10.131144969206312,44,56311.6977040746,184631.0522890749
111.02977948602398,1,12.255747908530834,27,64017.71282558574,162986.77641344414
122.75282329606507,4,16.668938352577833,32,58078.8894727856,213032.23642247217
60.372932561973215,5,7.608374950141668,21,73904.99781240747,123967.38920203451
113.40984336487465,3,13.882306898622208,8,48885.86987865565,172187.43253181718
130.71337714535238,1,11.74890731592003,38,59483.55844834915,210283.45503591027
164.33682134224549,5,6.073537133219006,8,62056.86374960684,305030.7989902752
104.45189345179058,4,17.693969740748003,3,56215.45948153541,162166.69610669583
95.74519191320437,3,16.151094410531634,44,31287.173370425386,150866.91791959247
104.9472886924639,5,13.510584858510084,3,58390.95091950807,191464.3336104715
147.46206353106223,5,17.161052852790597,22,69001.76986912466,266158.5444319095
129.86253328979052,5,17.478589818236244,6,67781.09186126018,212861.73212650884
104.10719388698884,3,14.45889655758566,2,63547.78482170199,174946.98840339654
135.39802299340067,3,16.90325323890977,23,49021.37641650777,224688.84572279712
122.91232648044121,2,14.25195777171639,44,63953.09462458484,171482.7084444961
149.05934971598668,4,13.922674663445708,2,54265.62178457762,271368.62920367357
98.93840718367943,1,12.753616186088502,38,63534.82905948667,136189.29298758222
110.17013560206695,5,15.301616151595184,17,61215.050114017155,236605.6960877172
108.23675540603527,2,4.0134970005684005,35,50236.24728716628,219213.8389181213
76.09455155603644,1,17.73654442477964,34,51075.44160643096,62477.812971683874
128.88360831193728,2,17.56502702715941,23,63550.22454421516,195930.22746580938
127.83165816539668,3,1.5556983776566238,30,57788.86904711498,221531.1992978158
120.15340369927382,5,16.690518260730492,8,51597.185693428706,215148.40811191674
112.96238599874559,1,3.448527481995459,22,50771.698102731665,194542.5789486104
77.53887773848757,1,7.367258230923696,44,56961.69152013784,96794.9707251243
107.38064031703922,1,15.126656869540547,36,75681.0479471821,166428.78553226189
109.71856450419692,1,4.0544380249178555,5,54739.219677880414,199454.51352071136
95.93168192335143,1,16.541373458262182,13,59859.80461742411,128065.72225853133
115.16142865001973,2,16.8105493811971,29,61016.442876895104,155149.9426342559
132.12152570443615,5,10.641886941455887,31,48689.73608508057,238421.14073611936
176.5855770363159,3,1.121331562619838,47,42371.675161573046,310410.0387330574
125.23733438495518,3,6.453724530323343,16,49733.59265264269,222968.67152456168
127.72651172168293,3,12.721611449139102,42,62470.773778063034,142021.6191973892
117.76662252701499,3,19.642537382521045,30,60873.310579154095,169147.4670257244
62.43686354102876,2,13.0044570133167,16,67024.06569151065,74514.68960854854
119.20458373652349,4,5.936268040219036,12,60967.498949591165,226905.77006610573
121.8069062982308,5,13.046108358892615,17,58904.50708530797,192871.1999378063
193.89726337455858,1,11.259722214601254,16,53959.87725074873,266132.76344151964
114.22917105656633,4,15.817062507871729,12,68846.06789862693,219479.61229006754
129.04642027000838,3,3.0326321377122096,8,50808.19861279283,239150.71423426742
118.9586469088427,4,15.459530147538532,20,48896.00482703979,189015.73720691405
84.93965887141404,5,11.284064994846096,3,65670.55517388103,188274.8298165427
154.28468443545063,1,19.2968480733209,16,46668.42689346345,202791.51466111056
142.55799098060322,1,7.495571154735035,30,84147.90998658631,266841.18584790657
143.7309584112914,5,13.019815969545014,45,60799.933805591434,234656.5878743408
92.71837635615783,5,18.708534004690332,23,63479.06116324886,165102.37687615084
162.08382932808297,3,2.947684831822906,28,51915.80175476613,304893.09629966953
77.94446811623158,1,18.80734125749257,40,56847.35155758454,118224.4780697663
137.60571281400811,4,14.069828723715453,5,55732.42883117646,222432.20321983064
185.71366877429935,2,2.2889041229982663,20,54581.650123313586,308802.6857280127
90.28391024607936,2,6.718307771989509,40,66329.61751509826,177395.74131053063
103.01106811191684,5,14.455269684260351,44,55504.23961774719,190902.46315792276
122.98954095262924,3,2.279661427906662,1,70175.01229084181,265666.3470876772
104.89573037651402,2,12.061238743349191,30,86631.82350119823,137448.9708136499
73.48009706801602,1,7.571778082106178,21,57044.58759853451,153669.26519403936
122.05688924418082,5,12.797394837582065,20,61523.15513576624,205617.31400140555
88.13088858821686,4,1.869098642437744,6,63794.82057165507,203814.37857501546
134.20777291905546,5,17.55919931689515,22,78115.04812593517,222481.10868865586
92.4172729729859,4,19.49629041437054,18,59173.52214961811,129484.73370036765
166.49803215052617,5,19.40867925042814,8,51709.83080341637,244441.2782864264
96.50240122991289,5,15.24338480311557,39,47336.59494374296,129380.14459723896
110.33815451382974,5,3.471638562482007,32,59420.16052567766,227414.70025694586
144.40551652109008,4,15.407000722651429,33,55516.19780946118,198932.51058995788
83.07407050698134,4,1.4671514127172287,16,80100.09289300002,167543.34890988265
126.82379803812388,5,1.4203474790509478,12,77698.62420676966,263383.79947674554
159.21428262847286,2,7.148594163841284,38,49656.27172076402,200565.09861806387
71.77550296316318,3,10.28422061768865,34,52892.39896450822,140679.4267290097
125.53901575596913,3,15.63774093834807,14,60737.701078868864,152271.30758466022
127.7964838274527,3,13.982612155523599,36,73972.26422558763,197596.66787051156
143.4546861533193,4,9.472151421158218,33,60570.13136371051,246622.9726347611
82.89147867365755,4,6.1989066593516515,23,53527.593620119536,180354.4917980795
80.38630160747171,2,19.945365502996513,45,59411.181900972755,93350.8580445174
135.65824696850694,3,9.097444742483486,2,53715.151361039534,280924.7106380787
128.90954019699558,3,9.576353462263834,41,66024.77209439482,215064.06474951137
127.5147855103763,5,4.108852602641715,21,52909.66288335295,274808.8347308478
130.39344628490926,4,16.101381426248658,2,54895.63947573033,207306.3329187852
99.59925835264528,3,14.179962289848284,27,71619.33813456097,162936.07059666852
126.9676109148301,2,5.194622642986447,9,52316.35052685928,256550.58539655025
128.79217419896042,2,2.5652398667010115,1,45538.71967439838,234792.5111719846
98.56945745920896,3,13.929486739419549,11,60949.93751356305,170505.4150058157
175.9732353343427,4,13.435713071341569,3,56395.26595795404,317409.3093660342
134.21498762735362,2,6.191931012965977,23,65114.15500929954,212913.51349922974
84.26089508392054,5,19.066407682757795,26,63174.7193473109,99278.38484595466
139.69660825901488,2,3.870099943837104,4,59680.81505356638,257014.16713661505
90.75954989318035,1,9.214361219809437,18,59389.565745300046,165208.58114203226
143.61253811227357,1,18.928702483184377,6,52641.41550677165,173867.925971695
154.75786737022213,4,8.974819021596325,35,60833.47070993243,277200.08900708426
95.37953044944868,3,13.131993005617625,22,68812.84781432769,173093.92918554365
148.90128387732966,4,8.554293561293091,43,50265.53258600524,205745.6732084097
132.38342780809495,4,6.210088844624731,15,59946.026236384656,229713.7051537712
144.6618047998347,4,19.695575311236738,22,70383.88755734611,216027.79440714317
176.9037894796184,4,8.777346119985818,37,65054.24093216699,293436.58994798217
112.63835651991388,5,17.987884869903553,42,73094.72896350714,166440.6677711512
97.38791506927531,5,5.369137511930638,12,54318.57670165665,193466.26166664305
93.3145671112343,2,5.048989376476583,47,41692.31551605134,188923.77191266866
95.52569145103685,1,1.5915475748057157,49,62006.51803955687,158063.36361891567
117.68694871757687,4,13.381669682141816,42,63625.70815026485,177847.11164197157
130.2345592444993,2,8.002000530751461,38,73684.21954472676,208890.86969071624
128.30072397990057,1,17.422806746953103,18,71881.45734706984,189112.6281249214
144.8154974710807,3,9.990988227139585,45,65367.436230124615,232319.55268243892
120.39005675633722,5,19.395675130379715,35,67653.90214170434,187548.89814097766
163.6060223147195,1,4.524984798359302,30,58081.78541793361,249641.92424538563
112.06029500286132,3,17.503840191156605,24,47808.85388680783,155117.19041015097
201.60507499768858,1,15.755340203043094,42,61177.2121738091,268303.14537507726
138.7700204329502,5,15.647515048236988,30,69825.73463627778,239971.35098455683
94.28527330751152,5,17.050881334220865,14,66563.60869828549,150048.0249803975
87.87322505816664,2,15.45945582791698,6,68338.07339159364,147130.66191206282
134.47417245729557,4,12.898186110996892,3,55722.44312953248,265348.8397784425
113.29611644022447,1,3.4936526759653637,16,57344.53161981576,203711.81695068616
141.42001482276277,1,1.6179974103337864,7,64834.25488114604,242867.74491291464
134.19712873720636,3,18.49610910849805,14,54534.92605491245,178298.32068471404
117.81513262029382,5,12.716355975894023,9,54842.829300669975,251120.05009105592
94.59618845794785,1,16.13420852854735,15,62979.82236377452,108889.28632567891
74.55458325942406,5,10.148924678738451,21,67609.04743156908,174617.2462855926
106.60455143798937,1,3.228855590285495,35,58004.71326670591,191291.08892468785
145.69196382970418,2,3.3785300518484584,2,48368.10538946361,257503.79406867604
126.42281232390611,4,14.025740457350455,27,52641.9608495717,204061.6171231514
82.62783663864036,1,9.175812003089792,2,62036.720848930985,104903.76555276384
125.19542777553546,5,4.8099698073063974,35,61915.209638659646,248656.0532215024
131.5595213918651,2,10.340296388087301,18,62412.38137655348,225958.15770910718
93.48427691396601,1,2.2199698044275475,14,65212.952905957565,151306.19892530606
124.61175317836583,3,12.057456636373576,20,60058.1055854245,203634.64093038844
121.74626155338,4,6.1108746842668555,18,62650.56044840312,232309.06262228877
85.71089106508131,1,16.153622912106577,10,59549.73177171133,132751.89359746472
130.73362081044849,2,6.896877219547902,25,71487.33482929438,220134.5945624222
136.82353579104702,3,9.649182832554223,2,74323.42031217502,210193.71014089364
152.4915372952583,2,1.220790258253912,25,48109.887176199656,256787.1684964959
151.6140615610471,2,2.3764908680966186,33,57447.48057897747,264028.8835029589
78.66991896128727,3,8.457377571727012,36,60327.24491540708,157496.03705908576
91.86524880254632,2,10.118837859625346,31,57330.85287985679,135321.71272504417
135.4510580162598,3,12.40039041426677,14,77929.22591330874,270521.33586392057
135.41357852736627,1,6.541588995476761,1,62239.55278089735,191330.0947059696
135.45143058918143,3,14.204655836404308,46,51946.281729496564,191483.80304635086
235.58194471964163,3,17.342325546594886,16,65964.42339560672,358281.710709383
137.126715320795,4,15.817168788973646,46,62709.745388461924,207494.55788206047
154.06696920541796,3,1.7527576816187858,3,63041.92919553422,266003.5270865274
148.62005290479607,3,10.12963199789875,35,78078.7615879919,251806.29447733297
139.54173753917394,1,2.9936733899453225,41,63507.851757548095,233604.2523409582
110.54192266078964,4,5.598855301388022,6,56963.38476126004,222671.88548277732
142.76907661479802,5,19.74658927207578,25,40447.23573689899,233095.44794482994
96.81524356387285,1,3.707415315128751,13,58346.00981856488,164959.6921533189
112.89544179779973,1,10.478874915575766,34,73059.69917327189,135865.24886512815
105.4390935651269,5,12.744958952044263,8,59088.30880443813,187499.79697095646
122.45622418158968,3,14.346834440337975,21,37599.50101480497,197044.8746810399
189.43975700020525,2,11.633324986251369,34,55016.37607807553,291016.18644628924
63.98204422224756,4,1.1856461009644894,4,69926.88538912791,168236.3976211076
140.5878057112354,2,7.202764856635846,25,65458.17174562015,244293.39653120821
71.61852386431045,5,10.836521224309518,15,51601.19103489265,140955.42031802607
105.842044026317,1,2.6694634837518336,4,54347.152236009184,194723.01195403165
152.66851790902098,1,7.661911692974434,45,55892.91340897583,240548.18869360417
121.92840057286388,4,1.6308590670359648,12,53372.8622813707,245639.51351627792
87.66765666212082,1,2.4929914459453943,32,39703.26132260417,127126.35821948347
98.54088872220095,1,8.541542247830325,32,67635.91100619856,133720.53004731954
140.38793246804028,4,3.521599326818147,28,72570.59956689093,279891.2071638824
98.0890010484859,4,11.783276116969605,13,44815.5105603526,207614.66753670675
126.49375768745925,5,14.099834413608049,31,72438.52932586314,242690.64837943198
121.36715519711441,1,16.211147283072574,14,58969.767986027844,176957.3867398974
100.4519895718255,1,4.8028546406513914,20,72251.32348167874,149431.90074361808
184.31832267975977,5,4.182169062922325,18,60379.50436290446,340841.8961317058
139.01757066954033,3,2.986788966353605,29,61355.4459215863,282446.6363364168
59.24572240027179,3,13.092174741329098,6,63724.34646982213,125334.26163253214
125.59362944308283,3,14.423038803251123,32,52099.33674864722,190181.71097605818
100.14640605694836,5,1.6001367516871987,29,71946.74144328022,230686.3776315133
145.5730000438867,1,18.788032678630106,43,48786.19361925215,159986.11725955288
96.22437784701899,5,1.9874543893779757,2,55979.332554833294,209058.70930091385
116.55790675599303,5,11.28463037072034,23,65242.64677643169,194323.4058790252
135.1496183694137,3,14.472149869567412,19,54908.04759514536,224690.2190719015
145.97265582510363,2,17.548413351175626,31,67775.31240814945,221873.34491934537
83.99110778832672,1,14.567651710516127,5,73758.66173183956,124083.05218015832
109.96496292477156,3,16.232833578326044,19,70125.46001053837,156302.8961184417
105.75164066517132,2,7.449553658313315,34,40638.84686321378,172947.70283844587
100.40012302278865,2,16.481677161183732,10,61258.46969619357,142549.402206775
172.9636272084329,4,2.5221820813088276,25,70286.82610696391,300484.16308554437
132.14945132882866,1,18.001516465150026,2,46832.511531779426,194682.7524571558
82.17348136994865,2,11.404255146920988,11,67236.10587228875,125111.22275101538
147.5358584116433,3,16.52865762928738,31,66674.60781639312,191558.28085196024
183.664685910379,4,9.594047405847702,15,47879.10108061734,287120.5073488234
150.9739578165344,1,13.227976208733974,9,68342.3266574016,197046.03142802085
74.4189010213796,5,11.001650557786151,23,62726.97793529935,158346.33598376496
105.47297781401247,3,14.900200913351306,19,66503.81788721269,173667.35453320932
158.00733447559867,2,2.550969658581202,9,50336.87614234867,281902.1822420525
98.76991603143658,2,2.146689595820712,35,61501.361163713846,192119.57442566296
133.31458284438685,3,5.694961446192782,21,42951.21445867677,260521.28849621193
143.23902160288011,2,4.0313489221505785,9,37230.08792466949,240142.16381383312
92.19208585265751,4,17.56388776525183,28,61408.2842652775,155866.8434545269
118.214239318146,1,5.165065759802842,46,71005.9760676131,154334.44915645427
22.761979797927822,4,19.541439860563496,7,62529.3681426508,75845.78185473333
89.2683707599713,2,7.40102004365103,16,59365.53936055854,134739.4251806966
112.4229554582052,5,4.460240398085286,16,58124.65879945127,218864.5554921883
82.56650454105451,1,16.004271635707106,33,50574.34608556934,92440.18623835556
168.97233911794905,1,13.515447734516647,4,57781.390962046935,226164.88463513408
77.09575866118102,3,10.46571861260964,4,64216.84468264444,149319.67817037832
106.79866539909048,3,11.551907467814994,39,55647.77767199372,175885.13082641974
123.92221731858274,5,14.664833787173013,40,67505.86853835777,204851.13805055985
163.23819867198347,1,5.340640085294676,17,61959.75033864603,235726.40014533428
76.92413546461682,5,19.930344405078095,37,63169.79417773407,163079.87409649856
154.8949125646488,3,19.52107008078888,39,68886.6275355096,232152.4372881904
120.3069918305876,3,13.356188040591801,29,54732.44567345009,244049.60906445017
90.55474046856148,1,4.791306567653757,36,66593.80586186952,134015.38678834203
133.86310422789813,4,13.924336606194535,38,56135.23282748026,234792.81436955117
125.9717908672041,2,2.371769770604341,39,63395.1448381884,234267.36922069523
101.99349368523616,3,1.5823975419103151,37,53542.28649363432,189285.7744895395
122.09406254970057,3,5.89597488171306,35,50892.96176935268,241263.4833775314
108.44059209414719,4,9.78983617804701,7,60918.647456484934,197775.04420045268
123.40552035753744,4,17.49717760275923,27,41147.99947978883,186013.71928751518
139.8639202356314,5,14.816212325559853,28,57037.32556491118,167622.37809449102
167.58050448436057,5,15.11142390279964,22,43936.2299439082,287610.6690873855
82.86553503519453,2,9.084373354513431,14,67792.34034313608,120314.21828991697
183.991001239688,2,7.572764858392295,7,70501.10596108914,295803.89396655373
61.437366014324944,1,8.049736496707451,37,51360.48778579194,74118.4955350437
115.4464471489325,5,19.765341710985098,22,64283.12962473496,181977.32776655175
137.64951619453728,3,1.7620746368371671,5,68991.35713687493,274464.7906993306
128.429756032051,5,17.47359842632652,2,69024.69222501783,226349.13925257383
101.31901440538219,3,11.994832762875475,27,62144.50833971641,182901.29996353464
113.75633248928175,4,9.33369296460222,21,67343.04675561497,234180.31522739006
105.20997196023501,5,14.779895547887593,38,53506.686880796056,172450.02125121266
102.31905729167366,4,10.246709887069354,15,60831.2246565668,181750.23390163682
145.48806291063073,2,17.59504152355155,21,55328.96593209224,229634.41946174088
130.71046457895142,2,18.11333541621391,10,52662.12026214636,212732.84842079863
99.21271214218038,1,9.012697610595653,23,60360.63391469627,171128.85613501418
146.9879962629975,5,6.25972814746598,39,63475.30376158075,249506.76419346937
129.2189856262983,4,12.254656243273882,5,71635.08767954988,240181.11978761287
144.3858635651688,3,18.334903566717127,1,62651.55527298887,229528.65225584648
138.88886525770837,2,5.002581591107665,13,66419.30534961552,264518.06247519434
95.13014967233784,2,12.836365087706174,21,66532.83173249538,138881.97062788278
103.19456879409091,3,12.99964418175789,26,86875.3436569696,138148.24918856134
142.41880815369785,4,14.929147425890338,45,41899.675967274205,234335.4735572086
138.31110796300393,4,3.4997860174179363,21,53120.661331628224,210612.00236027286
119.37295218107556,5,14.600674328959682,18,74740.5605248808,199101.19325929577
123.51982149926346,5,18.27161789264718,37,56479.86925146526,177148.9552697343
158.32994687365274,1,4.413979068534598,45,68858.0313760172,228040.0928243621
102.2528583349251,2,5.513323173553675,32,62300.09523762837,162088.69808638754
136.41292143510114,5,19.456506786791152,36,81052.0240120801,240702.53558851883
113.93422042698317,4,4.438562101480306,17,48869.45572936288,240383.6982890976
113.46956390318338,3,17.233316774022004,35,72218.00552518813,163191.58244537778
152.96330555961572,4,10.353279272512662,49,77495.81305272499,274307.17126433906
144.7624904696409,2,5.697390413660364,11,49855.81122832,228291.20248298478
144.40528908001914,4,17.544248124177717,21,67828.70243581347,206292.39177613374
159.16436421462987,1,9.460799845050644,26,50345.02014170944,259670.58198589564
120.63011524898278,2,10.781529724664114,4,60301.61572535125,214223.6098584699
140.4585891388489,3,7.825434018595548,34,57434.12069817827,226749.72569063806
110.69199730219631,1,12.266066177263621,48,35972.46065100313,126127.8256126413
129.72499057465328,2,4.106953579115433,18,64242.342597118986,258885.49688510434
116.09570836896947,3,8.430549196383453,40,61433.39167606231,160593.2031129537
122.90987894978154,1,19.418834124370463,35,74790.7897340576,144118.87631809548
137.85471076310742,1,5.9045352213214235,41,66111.43654649543,219751.13468570437
95.45337950299583,2,13.477996626284552,29,82908.83924078762,182580.25946834774
182.7716182705638,5,7.178611220269203,29,61070.42382078714,331890.6403685812
89.81947855500894,1,15.695989388045412,38,58944.69947997692,124141.81267664087
83.57434161636803,1,3.486599553648647,42,58156.43349282904,128329.68310992648
154.74332620500203,3,19.42659985649235,21,55604.11288968226,240265.2055324862
143.74988081888807,4,9.622001286289146,42,37922.490836174315,241657.25287066385
138.72359451156467,2,5.484958803582815,13,57798.05372992042,209141.02992123942
138.8503652779284,2,2.3964381992702406,49,39321.45273564008,246377.075662508
119.63259681459256,5,4.225400196663275,41,64520.33344585769,252132.5957734218
93.08236885542505,5,10.875705022564336,17,47599.39707529415,199323.67889939723
122.27413674581179,2,7.40306035219444,9,51056.673769115805,212474.24995236198
99.68514865463665,5,16.748783951769582,41,53305.898051674485,144988.42326882074
149.25359200253254,3,9.186862949574312,1,57950.649621867546,215431.1894915653
115.58827855493584,2,5.725571179164968,2,60068.68254939037,214353.6446578769
95.23508409622465,5,12.725754745476571,48,70844.79583073071,189398.6826857973
110.3584247504102,2,14.428767120823471,29,54224.69906492446,183084.45505129895
132.38794362826872,4,4.1737962501180474,33,64801.461362223694,262362.1296961482
103.08826341588076,1,4.184765109478036,10,87308.67233223567,184324.74745762275
95.33338813300705,2,1.6967571117373166,40,63773.507027632295,196036.44504769178
127.31061634475736,1,14.99163828624717,21,58195.10211068366,199793.75634658095
127.34899713326169,5,13.612286024814297,28,52208.48348071703,212954.81475909016
104.7917047388661,1,10.017986639246464,11,58056.684545796714,180971.2259774564
105.86885083145032,2,17.039238530414746,34,51137.79656390594,135080.157404136
126.96149812072909,4,16.307732906051008,8,62686.61426683773,224588.19452196284
76.55746975508028,5,12.121732923538291,22,61035.44138639393,127592.21711462359
77.77608676870335,2,17.497154329751915,8,38377.807790822066,89566.21176942305
98.44667336242692,5,4.910982990698597,49,59814.41994233932,215582.64400465667
113.59658544864459,3,3.1264727685568294,15,70761.46312640014,239342.80862403172
129.32722696794013,1,6.125242618822803,17,56008.8814779725,225388.23155475568
164.26068650848657,3,2.084650265696982,23,53471.03227588438,295743.55861428403
145.72978869606058,2,11.092221032019609,24,46222.99226883148,180114.83055443224
115.20184410109718,4,18.795508153604267,45,41420.079583755956,166560.73088507878
119.42951376291934,5,1.7475272727016833,19,68313.49267063255,260316.701437134
89.92411906086573,1,3.320088366190509,5,58185.21670420804,157549.77021195606
119.4446059202283,5,9.59178153738527,32,67720.21562003423,206913.7019740253
111.34024083239585,2,18.743625333030195,44,75313.23744579469,175199.2167571565
129.6815568101427,5,7.00696599455826,1,69212.47684910345,258716.90508861738
95.1830716934303,1,10.637461365079456,23,54576.27678561204,153915.75451631588
135.58039542723517,2,1.7898843219574498,37,61448.67664657555,251128.43707202526
165.98216739007734,5,3.8185208182796884,8,53852.27134843082,298874.17423501844
116.73719554629427,4,19.74597233621809,13,52917.11537398337,188523.73630246936
132.05135166296824,2,19.337255232284864,8,63428.151624026235,218800.9668495464
140.70431975133337,2,1.0938596377537828,23,51677.061168818276,287827.07049661496
107.96338584342492,4,19.08442392304154,43,37908.48380911299,157781.38332121787
126.7227744543125,3,13.143278818494506,1,51118.521042726235,210507.30638331638
120.37777202345384,1,17.49044759588042,45,56931.188513126275,156668.91546160282
122.93028295646495,3,9.640057257043322,24,75213.98497831922,215869.3921019498
96.809706484336,5,10.796324543005754,35,55090.62550128635,208569.80997023842
120.73530522776828,4,10.288085024881484,24,65119.24091029275,194822.7930746959
134.9399487373635,3,13.670420893375983,17,58316.91766037931,213132.89046863478
163.53430823385125,2,3.6533738403699454,5,72264.05143870384,266724.9194360072
148.7781247825562,5,1.5694982075808812,20,71570.96385463959,275373.89122060407
184.5954737253467,5,6.850668890232628,21,71761.7510523992,340548.85932534456
96.97957311335851,3,14.388934491996288,40,42660.16470582647,162765.72949737211
146.16961910162036,3,4.835215590336019,31,62067.24047244994,242467.6720537926
125.50026017215055,4,13.795216233173429,46,67589.38600121948,216065.57593833323
185.6940879965302,1,19.428328876038137,36,63815.38562589331,270869.25707190955
95.75105143934546,3,2.7841135999989493,11,66365.9632582183,235104.95265351096
94.80834473457672,3,13.7794402462774,15,60583.510042854774,160827.48434413935
102.01822063667933,2,9.431254166786852,19,52552.15793273473,157693.49369904926
56.283128270705795,5,17.494702833172603,7,43029.02615013748,92694.04788943674
104.22734934957717,1,4.3658459995003325,28,53544.30571351525,152562.0526388184
97.22602015338906,2,14.159893092297127,43,86781.09873638392,165533.07485490275
124.51181359428622,4,16.924190503314094,5,55143.488239093276,178707.5908462834
130.25267927331478,4,18.947670170006443,5,40406.09773909256,234431.58788688612
176.28512517647658,3,13.98171253750327,30,67326.49360729083,256846.37892789117
148.5127151455815,3,10.44632051616012,32,68554.60008682645,228581.44722138642
102.69289033012791,4,12.739097563823062,8,72873.2439015214,186078.25809367522
93.04755985954927,3,17.509194705095645,10,64709.785037067806,134441.6431864135
134.75757514519518,1,11.841585186137763,38,68456.01514466951,213096.80377303791
80.39300378938074,3,1.5773541342399002,47,78402.17134841991,196464.5394558489
174.94376297563062,5,18.688025214632578,32,52545.26507937885,262457.4521764233
155.38320362163861,3,14.101008269599662,48,50561.492945762824,223183.1731349427
105.92473043685885,2,13.853754329767684,28,49054.13460447071,154964.82998075432
68.60596412727367,1,5.097827895556627,17,57342.30413506017,135670.8281875994
160.6161712249624,2,13.518823934420487,31,74334.22419825169,239231.52187489014
116.56380464242146,2,8.483423707429012,8,65280.68367746235,229668.6524301433
157.13448935920385,5,13.37342656378835,40,64886.91952709218,285002.6246313886
72.16717023616899,1,3.0252675758518235,25,41806.92071335277,107146.39762613125
102.01874931138681,1,13.499060787457685,9,53068.13172763581,163757.11808896734
120.1573109915455,1,19.988860789642665,2,41643.42367137963,193840.5112317183
121.40941781294227,1,1.9160287383505645,15,71712.45789321544,206141.6673783456
106.49803585562269,1,19.56630950020503,3,75856.46492885733,141248.47433983357
138.68549797042496,5,8.731251253734541,49,67795.6672724038,233553.31996461516
87.97138711852216,3,17.544315556407923,36,50132.13954260455,116195.83565234981
115.7286154493612,2,15.865324197107196,4,74820.2249361579,148109.942038115
123.60886895135697,1,11.773308958746687,14,57467.4508997479,162273.82261146916
135.43316502176248,3,15.030534975775204,41,47855.40719247339,203893.15769931005
141.3484463426667,3,17.69179566472561,41,50355.95745388308,233754.8377582671
86.26073724486392,2,8.678666111369626,25,55698.43364408163,134157.7346472295
73.97657487793134,5,7.213630069701535,10,60495.78520484707,157518.40456930597
158.33030465695526,4,13.68427432570811,21,58386.55788348206,295811.7112050715
129.96942035938775,4,16.34907289688391,36,45873.31581828973,180329.09419393915
97.5454039033034,3,15.483417560755699,12,72133.16409185642,127856.3063277452
166.53455926567568,2,16.158459328314056,27,58493.940805631566,227105.54627138452
123.47023902878576,4,9.276082981445727,40,52862.46143729349,199407.66616668346
155.3789155219148,3,16.53885010732541,2,71103.02361982764,214613.06362897743
122.02555444230327,5,3.2839720520415603,13,48165.93811733469,248942.17519357146
181.82243774645963,4,11.34529286125614,32,43711.09816425486,316037.81484957715
172.66022527329613,3,1.1094145494643097,31,72724.87446598739,281715.48623385356
112.5310755456278,3,7.167130768105135,16,78913.87849550339,208938.17324274842
149.14712852863067,1,7.96276916255656,32,55379.039813486015,237289.0027991604
139.36127848755442,5,8.527281140575852,32,59540.29992082855,251746.41879620112
161.05894672597046,1,14.213876927107382,34,48533.35285479097,230513.9763879338
91.05229618259686,2,8.382603924136568,11,60054.925502433936,165882.6703036332
140.58154379995318,1,9.525178829828082,10,55242.947362688035,206566.5148083457
151.75273460548763,1,5.513338486612222,15,58978.71559965001,279458.6094485971
67.23781540730657,4,8.091784040957462,17,64092.58387597243,169445.76605720902
84.50224462002674,3,5.318122917999878,40,49018.545219691536,179499.080642833
58.823034667196985,5,2.390722551600429,18,56381.88660767433,177974.0878176389
111.91779496666327,1,12.46552327424618,9,41962.18578221822,138676.75181681773
141.52626767387886,5,13.69604317254531,25,56450.12715886712,262867.53226530843
165.07071156288083,1,12.770316574182676,40,59065.65929083001,248313.71210184644
122.22284341259325,2,9.806386832210874,14,62289.82425061078,172413.61474844266
168.85846636713876,1,8.215929823405366,25,62395.76540363209,258081.27951785372
78.59695625355326,4,17.40333934186468,22,69039.22750736856,137125.20809197845
68.89852681934536,3,10.862553917588142,30,44603.3348072668,153506.80391947302
118.33356903310144,2,10.104455674964889,20,45137.22970049706,206195.18665269238
131.52196346817922,1,1.487199250322278,21,65289.5793639252,211558.99084212846
119.01915755717721,5,7.483708724896971,44,39610.387229945845,251946.41805310876
57.9767369988037,2,8.223716756931285,32,61833.00212104993,103352.85069379448
117.32639881461635,2,8.57763283704111,46,48197.07060410106,176959.5840331495
80.86591498485441,1,12.023275015319314,49,75728.14640917181,101759.4981404646
140.09017646490116,2,11.13844838781069,21,62504.524077277776,189999.26718118478
130.99794738290544,5,12.550196763075448,35,57808.43980286938,224931.78468909592
91.80360641017934,2,15.532781969300437,32,72277.20877139179,142284.48973062003
104.5839924798992,5,16.446729035605777,30,49365.97993429049,169764.73305595623
88.22359434333146,1,14.644338448303394,39,51265.90365912192,122438.01608095036
118.11962708180485,3,19.15495022314376,49,47385.45166344891,142665.31370133726
148.65426961503715,2,1.346419070850871,12,51349.60773651007,265258.54969810176
90.42821860993368,3,4.719781727987376,41,60611.156093673875,173374.9048724784
135.12139546553533,5,1.1436946245847004,47,64939.5187199372,266038.1787378111
104.09227144882678,2,13.302019568937457,18,69614.21685367543,132084.46835741441
96.21381503212967,4,18.062580430049753,21,41752.75953099261,145028.13819371996
116.78908920136327,3,5.626163634949686,13,58281.370135367084,251182.53851698467
88.94273032741879,2,18.613656351129826,21,48918.35468809198,112116.04041993755
103.39052083958454,3,2.1450804155016563,8,57947.12908511899,210761.40380362052
84.06366322233455,2,18.75428450930477,46,83341.6358012704,103431.68987473566
178.94175398749167,1,7.680831057553053,40,62918.61762000015,303026.79474897136
121.05790655915186,3,2.926995740535114,46,68994.64971148246,242512.7000321641
99.00823476022244,4,10.231563424540187,7,79606.91272161047,208428.97313525033
126.41939732202665,4,5.878754786689651,23,71273.58243174758,218155.34359869512
116.6301585092751,5,6.412585137276534,44,55520.85520313015,226443.22885623766
113.37091201400331,2,6.838509333599445,32,47241.67913430062,199623.8427951393
138.42500100130275,3,16.257492058820603,11,59698.55730479149,205362.7843440504
142.72523130141914,5,11.244064256829835,22,54322.942157813144,237377.60628046675
104.08496557168418,3,6.914846283964069,22,44754.78713380826,222958.6711631555
102.7254527806596,2,12.59634188290745,43,62409.249972894686,145024.01227521794
111.74844908545069,4,14.606862810240678,25,62658.86298059333,219867.50787373632
50.94236505793245,1,6.179856013937141,22,77691.16700263286,114584.97135524121
74.54426813404343,4,8.857432928981678,28,56382.36931163186,155039.87599278972
161.00622802333572,5,3.3158357734020036,29,62801.21388969449,312392.5848309567
169.34903140503852,1,4.441837641158926,13,53345.14585309785,251524.15756277545
112.52891881330865,5,13.941239225334673,18,68731.69430693466,208978.32557134074
137.296708891673,2,4.447328606216912,2,58753.822038098704,275818.86798230116
129.33750463630608,1,10.978104289674143,29,48274.083911472575,205026.14254029616
212.36642425365713,5,14.471878972726222,21,59865.28178334842,353707.26138193003
153.5872473430373,2,3.030661538800133,15,63905.22897565001,304418.1532120611
116.162472255577,4,11.778932172949167,27,62552.73387413563,197961.3707987155
91.33378678198723,2,5.874692890325911,31,70458.9671549587,148531.38471706532
71.80661039227283,3,19.295610629514016,15,45519.43627959311,109951.66564939164
126.10390907601669,2,10.187367287678569,23,51572.574099850586,217580.36652320632
97.30947764147089,2,16.313858445728002,24,66397.87331795537,107306.54654065262
77.33238871206977,3,11.454304300968973,44,52747.310220389285,130607.77405704503
100.60281347272421,5,1.824838124241564,13,62404.71249330207,241377.07739641803
87.55355989156814,5,13.029876136286425,22,35802.54752588237,159428.13367514394
170.61424905217694,2,19.076663501926483,43,87159.46572312881,258046.6249708517
146.4491927084835,3,12.430624582780293,37,57302.81468442664,242435.93003104845
119.76082076050147,3,16.564588329109014,33,71939.56259988277,223469.084783635
164.39832416670077,4,17.799922803619747,3,56631.02174416509,252348.7620619842
122.32104922942855,5,5.333515667029717,19,64146.98528730887,261009.92238170636
94.1614739601521,1,5.028851958256306,23,74919.19646345272,141801.0965558564
165.69372231808973,5,12.608638788168843,29,71658.06019208385,251073.14410630194
136.16730131053976,5,8.80954092632739,30,57955.45020314775,207907.25735078478
88.88261537020631,4,16.957364754467687,39,58647.45674606308,149583.0549144512
114.28983965749175,1,18.10043934456221,44,70035.66560183285,145821.96629161632
93.7314523984573,4,7.715006206751644,47,83332.444042853,162704.38323448124
78.51600807106992,1,5.500540620515159,25,61922.82674399041,99494.58624046616
